customer_id,movement_profile,avg_amount,frequency_profile,weekly_transactions,num_usual_beneficiaries,num_usual_devices
C0001,baixo,1449.42,alta,20,2,2
C0002,baixo,4743.09,alta,11,7,3
C0003,alto,90727.57,media,8,3,2
C0004,baixo,1916.05,baixa,1,6,2
C0005,medio,18108.77,media,7,2,3
C0006,medio,12912.64,media,9,8,3
C0007,baixo,4615.46,baixa,3,4,1
C0008,medio,14177.04,baixa,3,6,2
C0009,baixo,1691.96,baixa,3,6,3
C0010,medio,9932.55,alta,16,3,1
C0011,medio,16227.36,media,6,5,2
C0012,baixo,1682.34,media,5,3,1
C0013,medio,16691.72,media,9,2,3
C0014,medio,22956.46,media,9,4,2
C0015,medio,12988.01,media,6,4,1
C0016,baixo,1486.94,alta,14,8,3
C0017,baixo,4988.92,baixa,2,8,3
C0018,alto,63214.47,alta,17,2,3
C0019,medio,6818.19,alta,13,4,3
C0020,baixo,712.02,alta,21,3,3
C0021,baixo,993.42,baixa,3,7,3
C0022,baixo,3323.51,baixa,2,3,3
C0023,baixo,4064.36,media,7,7,1
C0024,alto,56662.0,alta,16,2,2
C0025,medio,6270.55,media,10,4,2
C0026,baixo,2217.29,baixa,1,8,1
C0027,medio,24922.43,baixa,1,6,3
C0028,baixo,2881.01,baixa,2,8,2
C0029,alto,97830.88,baixa,3,5,3
C0030,baixo,4373.51,alta,20,6,2
C0031,baixo,551.66,media,4,7,3
C0032,baixo,3743.25,baixa,1,3,1
C0033,medio,18634.21,media,8,3,3
C0034,medio,15739.41,baixa,1,8,2
C0035,medio,10336.5,media,8,3,3
C0036,baixo,3384.33,media,6,8,2
C0037,alto,33366.41,baixa,1,8,3
C0038,medio,13695.31,baixa,2,3,2
C0039,alto,59029.28,media,4,5,2
C0040,baixo,4792.17,alta,25,2,2
C0041,baixo,4441.34,baixa,1,3,3
C0042,baixo,1685.25,baixa,2,7,2
C0043,baixo,2752.64,alta,15,4,3
C0044,baixo,1303.93,alta,13,8,1
C0045,baixo,4606.83,baixa,2,5,1
C0046,medio,22410.37,baixa,3,8,2
C0047,medio,10968.9,baixa,3,7,3
C0048,medio,17778.99,baixa,2,8,2
C0049,baixo,3240.37,media,8,7,3
C0050,baixo,1187.78,media,10,8,3
C0051,alto,82188.31,media,9,3,1
C0052,baixo,2927.21,baixa,3,4,3
C0053,baixo,4003.82,media,4,3,3
C0054,medio,15607.07,baixa,3,8,2
C0055,baixo,502.57,baixa,3,7,2
C0056,baixo,1958.7,media,6,2,3
C0057,medio,5389.53,baixa,3,5,1
C0058,medio,23581.97,media,4,8,2
C0059,baixo,4454.25,media,5,2,2
C0060,medio,21633.31,media,6,8,1
C0061,baixo,1883.81,media,4,5,2
C0062,baixo,760.66,media,4,3,3
C0063,baixo,4451.04,alta,22,3,3
C0064,medio,23938.99,alta,19,8,3
C0065,medio,6713.07,alta,13,5,2
C0066,baixo,2686.96,alta,15,4,2
C0067,medio,6384.25,alta,15,4,2
C0068,baixo,3922.71,media,8,8,2
C0069,alto,82437.58,baixa,1,8,3
C0070,baixo,1077.76,baixa,3,8,1
C0071,baixo,2638.77,media,6,3,3
C0072,alto,66235.27,baixa,1,3,2
C0073,medio,10301.13,baixa,3,2,3
C0074,alto,90432.48,alta,21,7,1
C0075,medio,13462.76,alta,24,3,3
C0076,alto,40884.87,alta,15,5,1
C0077,baixo,2926.83,baixa,3,4,2
C0078,medio,19598.62,alta,18,4,3
C0079,medio,9023.02,media,6,8,3
C0080,medio,11234.33,baixa,1,2,3
C0081,medio,24902.99,baixa,1,8,3
C0082,baixo,3424.45,alta,21,4,2
C0083,baixo,2471.45,media,7,4,1
C0084,alto,63818.19,alta,24,7,1
C0085,alto,34075.31,alta,15,6,3
C0086,baixo,1511.14,baixa,1,5,2
C0087,medio,11761.71,baixa,1,7,1
C0088,medio,16766.17,alta,16,8,1
C0089,baixo,1535.52,baixa,1,6,1
C0090,medio,9404.35,baixa,3,4,1
C0091,alto,30324.48,baixa,2,2,1
C0092,baixo,3339.96,alta,13,2,1
C0093,baixo,1530.24,baixa,3,4,2
C0094,baixo,4574.39,alta,18,3,3
C0095,baixo,4368.36,baixa,3,6,1
C0096,baixo,818.86,media,9,4,2
C0097,alto,42850.35,baixa,2,2,2
C0098,baixo,3510.4,alta,19,2,3
C0099,baixo,1464.07,baixa,1,6,3
C0100,medio,7646.24,alta,12,5,1
