transaction_id,customer_id,amount,timestamp,beneficiary_id,beneficiary_new,device_id,device_new,ip_anomaly,location_anomaly,fraud_scenario,fraud_difficulty,fraud_label
TX000751,C0096,592.06,2026-01-01 00:10:21,B0485,0,D0207,0,0,0,legitimate,none,0
TX000154,C0019,7293.25,2026-01-01 00:26:56,B0084,0,NEW_D000155,1,0,0,legitimate,none,0
TX000011,C0001,1247.91,2026-01-01 01:14:41,B0001,0,D0001,0,0,1,legitimate,none,0
TX000812,C0019,8202.9,2026-01-01 01:23:31,FRAUD_B000813,1,FRAUD_D000813,1,1,1,anomalous_hour,easy,1
TX000062,C0008,13387.41,2026-01-01 01:31:07,B0037,0,D0018,0,0,0,legitimate,none,0
TX000057,C0007,3453.45,2026-01-01 01:47:26,B0030,0,D0016,0,0,0,legitimate,none,0
TX000674,C0085,30278.22,2026-01-01 02:02:28,B0437,0,D0190,0,0,0,legitimate,none,0
TX000599,C0078,16986.36,2026-01-01 02:12:31,B0395,0,D0174,0,0,0,legitimate,none,0
TX000624,C0082,4806.65,2026-01-01 02:43:06,B0417,0,D0186,0,0,0,legitimate,none,0
TX000725,C0094,4808.87,2026-01-01 02:47:17,B0476,0,D0204,0,0,0,legitimate,none,0
TX000686,C0088,20352.45,2026-01-01 03:06:32,B0451,0,D0195,0,0,0,legitimate,none,0
TX000403,C0059,4461.26,2026-01-01 03:18:46,B0303,0,D0133,0,0,0,legitimate,none,0
TX000789,C0026,2579.6,2026-01-01 04:28:04,FRAUD_B000790,1,FRAUD_D000790,1,1,1,new_device,easy,1
TX000817,C0082,11993.26,2026-01-01 06:03:40,B0418,0,FRAUD_D000818,1,0,0,abnormal_amount,moderate,1
TX000350,C0049,3032.88,2026-01-01 06:24:09,B0247,0,D0109,0,0,0,legitimate,none,0
TX000202,C0024,66194.55,2026-01-01 06:25:21,B0109,0,D0055,0,0,0,legitimate,none,0
TX000510,C0068,2944.84,2026-01-01 07:06:33,B0348,0,D0153,0,0,0,legitimate,none,0
TX000015,C0001,699.38,2026-01-01 07:22:34,B0002,0,D0002,0,1,0,legitimate,none,0
TX000323,C0043,2076.96,2026-01-01 07:42:06,B0207,0,D0097,0,0,0,legitimate,none,0
TX000507,C0068,3225.57,2026-01-01 07:49:12,NEW_B000508,1,D0152,0,0,0,legitimate,none,0
TX000329,C0044,1548.07,2026-01-01 07:54:18,B0216,0,D0100,0,0,0,legitimate,none,0
TX000825,C0044,1149.43,2026-01-01 07:57:18,B0212,0,D0100,0,0,0,transfer_burst,hard,1
TX000448,C0064,17189.06,2026-01-01 08:02:53,NEW_B000449,1,D0143,0,0,0,legitimate,none,0
TX000171,C0020,522.01,2026-01-01 08:06:38,B0090,0,D0044,0,0,0,legitimate,none,0
TX000764,C0098,3409.24,2026-01-01 08:22:01,B0491,0,D0210,0,0,0,legitimate,none,0
TX000111,C0015,5511.7,2026-01-01 08:22:15,B0062,0,D0031,0,0,0,legitimate,none,0
TX000582,C0076,35791.17,2026-01-01 08:24:57,B0390,0,D0170,0,0,0,legitimate,none,0
TX000506,C0068,3349.45,2026-01-01 08:31:56,B0351,0,D0153,0,0,0,legitimate,none,0
TX000757,C0098,4029.92,2026-01-01 08:37:50,B0491,0,D0211,0,0,0,legitimate,none,0
TX000754,C0097,56395.03,2026-01-01 08:50:08,B0490,0,D0209,0,0,0,legitimate,none,0
TX000284,C0040,3012.62,2026-01-01 09:04:21,B0196,0,D0090,0,0,0,legitimate,none,0
TX000290,C0040,3896.95,2026-01-01 09:05:42,B0196,0,NEW_D000291,1,0,0,legitimate,none,0
TX000487,C0066,2165.77,2026-01-01 09:11:49,B0337,0,D0149,0,0,0,legitimate,none,0
TX000049,C0006,14243.75,2026-01-01 09:28:10,B0021,0,D0013,0,0,0,legitimate,none,0
TX000561,C0075,14633.11,2026-01-01 10:00:11,B0384,0,D0167,0,0,0,legitimate,none,0
TX000024,C0002,2715.78,2026-01-01 10:17:02,NEW_B000025,1,D0005,0,0,0,legitimate,none,0
TX000462,C0064,24192.24,2026-01-01 10:20:32,B0325,0,D0145,0,0,0,legitimate,none,0
TX000211,C0024,66366.34,2026-01-01 10:22:19,B0108,0,D0055,0,0,0,legitimate,none,0
TX000399,C0058,22771.65,2026-01-01 10:30:59,B0295,0,D0130,0,0,0,legitimate,none,0
TX000330,C0044,1549.73,2026-01-01 10:42:41,B0216,0,D0100,0,0,0,legitimate,none,0
TX000854,C0004,10138.5,2026-01-01 10:47:37,FRAUD_B000855,1,FRAUD_D000855,1,1,1,abnormal_amount,easy,1
TX000523,C0071,2114.22,2026-01-01 10:56:37,NEW_B000524,1,D0158,0,0,0,legitimate,none,0
TX000625,C0082,5061.19,2026-01-01 11:04:23,NEW_B000626,1,D0186,0,0,0,legitimate,none,0
TX000436,C0063,4549.98,2026-01-01 11:12:57,B0321,0,D0140,0,0,0,legitimate,none,0
TX000805,C0058,25689.64,2026-01-01 11:20:11,FRAUD_B000806,1,FRAUD_D000806,1,1,1,new_beneficiary,easy,1
TX000820,C0086,1606.92,2026-01-01 11:25:24,B0439,0,FRAUD_D000821,1,0,0,new_device,moderate,1
TX000160,C0019,8161.14,2026-01-01 11:25:43,B0086,0,D0043,0,0,0,legitimate,none,0
TX000121,C0016,1839.81,2026-01-01 11:31:33,B0067,0,D0033,0,0,0,legitimate,none,0
TX000658,C0084,63356.3,2026-01-01 11:40:28,B0426,0,D0188,0,0,0,legitimate,none,0
TX000842,C0054,14998.11,2026-01-01 11:55:21,B0273,0,D0123,0,0,0,anomalous_context,hard,1
TX000838,C0098,10947.77,2026-01-01 12:07:17,B0491,0,FRAUD_D000839,1,1,0,abnormal_amount,moderate,1
TX000215,C0025,5677.48,2026-01-01 12:17:48,B0110,0,D0056,0,0,0,legitimate,none,0
TX000619,C0082,3918.61,2026-01-01 12:18:10,NEW_B000620,1,D0185,0,0,0,legitimate,none,0
TX000767,C0098,3473.55,2026-01-01 12:19:29,B0492,0,D0212,0,0,0,legitimate,none,0
TX000502,C0067,10041.31,2026-01-01 12:21:53,B0343,0,D0150,0,0,0,legitimate,none,0
TX000547,C0074,106088.3,2026-01-01 12:38:40,B0376,0,D0166,0,0,0,legitimate,none,0
TX000830,C0074,114706.1,2026-01-01 12:42:40,FRAUD_B000831,1,FRAUD_D000831,1,1,1,transfer_burst,easy,1
TX000459,C0064,19962.85,2026-01-01 12:46:04,B0330,0,D0145,0,0,0,legitimate,none,0
TX000220,C0025,6424.57,2026-01-01 12:52:24,NEW_B000221,1,D0057,0,0,0,legitimate,none,0
TX000107,C0014,35946.51,2026-01-01 12:53:09,B0061,0,D0030,0,0,0,legitimate,none,0
TX000826,C0007,5412.1,2026-01-01 12:59:36,FRAUD_B000827,1,FRAUD_D000827,1,1,1,anomalous_context,easy,1
TX000265,C0035,9553.3,2026-01-01 13:08:12,B0169,0,D0080,0,0,0,legitimate,none,0
TX000668,C0084,92612.82,2026-01-01 13:30:58,B0429,0,D0188,0,1,0,legitimate,none,0
TX000241,C0030,3333.68,2026-01-01 13:31:24,B0144,0,D0067,0,0,0,legitimate,none,0
TX000659,C0084,67610.61,2026-01-01 13:33:45,NEW_B000660,1,D0188,0,0,0,legitimate,none,0
TX000468,C0065,8238.63,2026-01-01 13:39:59,B0333,0,D0146,0,0,0,legitimate,none,0
TX000732,C0094,3231.75,2026-01-01 13:48:38,B0477,0,D0204,0,0,0,legitimate,none,0
TX000464,C0065,7144.01,2026-01-01 14:05:25,B0332,0,D0147,0,0,0,legitimate,none,0
TX000414,C0061,2605.88,2026-01-01 14:11:35,B0314,0,D0136,0,0,0,legitimate,none,0
TX000418,C0062,787.06,2026-01-01 14:30:53,B0318,0,D0138,0,0,0,legitimate,none,0
TX000606,C0078,30633.4,2026-01-01 14:31:04,B0397,0,D0175,0,0,0,legitimate,none,0
TX000451,C0064,23488.85,2026-01-01 14:33:02,B0327,0,D0143,0,0,0,legitimate,none,0
TX000836,C0053,2828.13,2026-01-01 14:36:52,B0269,0,D0119,0,0,0,new_beneficiary,hard,1
TX000440,C0063,4376.87,2026-01-01 14:37:07,B0320,0,D0140,0,0,0,legitimate,none,0
TX000471,C0065,6159.14,2026-01-01 14:42:54,NEW_B000472,1,D0146,0,1,0,legitimate,none,0
TX000770,C0098,5419.13,2026-01-01 14:55:08,B0492,0,D0210,0,0,0,legitimate,none,0
TX000460,C0064,15336.19,2026-01-01 15:02:46,B0329,0,D0143,0,0,0,legitimate,none,0
TX000731,C0094,4843.15,2026-01-01 15:24:06,B0477,0,D0203,0,0,0,legitimate,none,0
TX000602,C0078,14176.67,2026-01-01 15:30:55,B0397,0,D0175,0,0,0,legitimate,none,0
TX000613,C0079,9780.87,2026-01-01 15:44:23,B0406,0,D0178,0,0,0,legitimate,none,0
TX000631,C0082,1685.72,2026-01-01 15:56:45,B0420,0,D0186,0,0,0,legitimate,none,0
TX000193,C0023,4325.41,2026-01-01 16:01:13,B0107,0,D0053,0,0,0,legitimate,none,0
TX000381,C0053,2995.19,2026-01-01 16:06:45,NEW_B000382,1,D0120,0,0,0,legitimate,none,0
TX000263,C0035,285.49,2026-01-01 16:09:05,B0169,0,D0078,0,0,0,legitimate,none,0
TX000852,C0053,4657.51,2026-01-01 16:11:45,B0270,0,D0121,0,0,0,transfer_burst,hard,1
TX000422,C0063,6794.97,2026-01-01 16:14:20,B0321,0,D0142,0,0,0,legitimate,none,0
TX000634,C0082,2985.9,2026-01-01 16:24:06,B0419,0,D0185,0,0,0,legitimate,none,0
TX000701,C0088,14136.95,2026-01-01 16:27:07,B0451,0,D0195,0,0,0,legitimate,none,0
TX000281,C0039,61039.53,2026-01-01 16:28:00,B0191,0,D0089,0,0,0,legitimate,none,0
TX000195,C0023,4275.52,2026-01-01 17:03:06,B0107,0,D0053,0,0,0,legitimate,none,0
TX000489,C0066,4046.94,2026-01-01 17:05:33,B0337,0,D0149,0,0,0,legitimate,none,0
TX000704,C0090,5430.65,2026-01-01 17:10:46,B0467,0,D0197,0,0,0,legitimate,none,0
TX000296,C0040,3796.01,2026-01-01 17:56:26,B0196,0,D0091,0,0,0,legitimate,none,0
TX000743,C0095,3549.53,2026-01-01 17:59:12,B0480,0,D0205,0,0,0,legitimate,none,0
TX000861,C0095,5067.31,2026-01-01 18:04:12,FRAUD_B000862,1,FRAUD_D000862,1,1,1,transfer_burst,moderate,1
TX000259,C0033,21115.28,2026-01-01 18:04:37,B0158,0,D0073,0,0,0,legitimate,none,0
TX000026,C0002,4900.92,2026-01-01 18:31:04,B0008,0,D0003,0,0,0,legitimate,none,0
TX000449,C0064,20248.55,2026-01-01 18:42:31,B0327,0,D0143,0,0,0,legitimate,none,0
TX000565,C0075,18314.26,2026-01-01 18:49:10,B0384,0,D0167,0,0,0,legitimate,none,0
TX000398,C0057,7578.55,2026-01-01 18:50:21,B0293,0,D0129,0,0,0,legitimate,none,0
TX000733,C0094,5134.64,2026-01-01 19:04:30,B0478,0,D0202,0,0,0,legitimate,none,0
TX000035,C0003,113115.82,2026-01-01 19:21:20,B0010,0,D0007,0,0,0,legitimate,none,0
TX000033,C0003,90360.2,2026-01-01 19:47:20,B0010,0,D0006,0,0,0,legitimate,none,0
TX000267,C0035,15398.53,2026-01-01 19:52:46,B0168,0,D0079,0,0,0,legitimate,none,0
TX000115,C0015,12238.49,2026-01-01 19:56:25,B0065,0,D0031,0,0,0,legitimate,none,0
TX000071,C0010,11009.42,2026-01-01 20:04:57,B0047,0,D0022,0,0,0,legitimate,none,0
TX000037,C0003,96412.48,2026-01-01 20:26:03,B0011,0,D0007,0,0,0,legitimate,none,0
TX000444,C0064,23298.96,2026-01-01 20:35:18,B0330,0,D0143,0,0,0,legitimate,none,0
TX000150,C0019,7425.66,2026-01-01 20:41:16,B0085,0,D0043,0,0,0,legitimate,none,0
TX000282,C0039,70754.81,2026-01-01 20:46:26,NEW_B000283,1,D0089,0,0,0,legitimate,none,0
TX000137,C0018,48360.59,2026-01-01 21:18:34,B0082,0,D0039,0,0,0,legitimate,none,0
TX000216,C0025,7698.3,2026-01-01 21:33:40,B0113,0,D0056,0,0,0,legitimate,none,0
TX000207,C0024,65416.88,2026-01-01 21:37:25,B0109,0,D0055,0,0,0,legitimate,none,0
TX000377,C0052,3693.25,2026-01-01 21:41:49,B0268,0,D0118,0,0,0,legitimate,none,0
TX000285,C0040,7858.73,2026-01-01 21:45:01,B0195,0,D0091,0,0,0,legitimate,none,0
TX000430,C0063,2102.57,2026-01-01 21:48:30,B0321,0,D0142,0,0,1,legitimate,none,0
TX000546,C0074,68812.92,2026-01-01 22:06:43,B0377,0,D0166,0,0,1,legitimate,none,0
TX000834,C0055,2981.33,2026-01-01 22:26:33,FRAUD_B000835,1,FRAUD_D000835,1,1,1,abnormal_amount,easy,1
TX000501,C0067,8158.13,2026-01-01 22:35:20,B0340,0,D0151,0,0,0,legitimate,none,0
TX000616,C0081,25868.39,2026-01-01 22:37:03,B0413,0,D0183,0,0,0,legitimate,none,0
TX000803,C0081,21488.5,2026-01-01 22:42:03,FRAUD_B000804,1,FRAUD_D000804,1,1,1,transfer_burst,easy,1
TX000630,C0082,4548.55,2026-01-01 23:27:56,NEW_B000631,1,D0186,0,0,0,legitimate,none,0
TX000027,C0002,3105.31,2026-01-01 23:35:48,B0007,0,D0003,0,0,0,legitimate,none,0
TX000845,C0013,17974.75,2026-01-02 00:40:52,B0056,0,D0028,0,0,0,anomalous_context,hard,1
TX000434,C0063,5409.18,2026-01-02 01:17:08,B0322,0,D0140,0,0,0,legitimate,none,0
TX000303,C0040,5866.52,2026-01-02 02:37:35,B0195,0,D0091,0,0,0,legitimate,none,0
TX000286,C0040,1985.75,2026-01-02 02:44:35,B0196,0,D0091,0,0,0,legitimate,none,0
TX000185,C0021,926.82,2026-01-02 03:41:03,B0097,0,D0049,0,0,1,legitimate,none,0
TX000213,C0025,8065.18,2026-01-02 04:15:33,B0111,0,D0057,0,0,0,legitimate,none,0
TX000655,C0084,113086.34,2026-01-02 04:20:56,B0430,0,D0188,0,0,0,legitimate,none,0
TX000409,C0060,22414.03,2026-01-02 04:59:58,B0307,0,D0134,0,0,0,legitimate,none,0
TX000766,C0098,2769.87,2026-01-02 06:11:53,B0491,0,D0212,0,0,0,legitimate,none,0
TX000169,C0020,659.6,2026-01-02 06:19:29,B0090,0,D0045,0,0,0,legitimate,none,0
TX000275,C0036,2387.81,2026-01-02 06:33:30,B0174,0,D0082,0,0,0,legitimate,none,0
TX000614,C0079,5976.43,2026-01-02 06:47:52,B0401,0,D0176,0,0,0,legitimate,none,0
TX000700,C0088,15836.14,2026-01-02 07:01:22,B0455,0,D0195,0,0,0,legitimate,none,0
TX000497,C0067,4397.64,2026-01-02 07:06:36,B0340,0,D0151,0,0,0,legitimate,none,0
TX000045,C0005,10076.51,2026-01-02 07:08:32,NEW_B000046,1,D0010,0,0,0,legitimate,none,0
TX000593,C0078,22414.82,2026-01-02 07:20:36,B0397,0,D0173,0,0,0,legitimate,none,0
TX000526,C0073,4723.43,2026-01-02 07:23:57,B0374,0,D0165,0,0,0,legitimate,none,0
TX000819,C0082,2801.17,2026-01-02 07:27:11,B0418,0,D0186,0,0,0,new_beneficiary,hard,1
TX000103,C0014,20596.21,2026-01-02 07:41:30,B0058,0,D0029,0,0,0,legitimate,none,0
TX000588,C0077,2180.63,2026-01-02 08:06:10,B0392,0,D0171,0,0,0,legitimate,none,0
TX000424,C0063,5748.39,2026-01-02 08:13:10,B0320,0,D0141,0,0,1,legitimate,none,0
TX000615,C0080,19477.25,2026-01-02 08:27:44,B0407,0,D0180,0,0,0,legitimate,none,0
TX000450,C0064,16332.04,2026-01-02 08:29:51,B0328,0,D0144,0,0,0,legitimate,none,0
TX000288,C0040,5637.96,2026-01-02 08:30:54,B0196,0,D0091,0,0,0,legitimate,none,0
TX000627,C0082,2407.79,2026-01-02 09:07:16,B0418,0,D0185,0,1,0,legitimate,none,0
TX000597,C0078,18011.87,2026-01-02 09:19:01,B0396,0,D0173,0,0,0,legitimate,none,0
TX000343,C0046,24057.31,2026-01-02 09:48:26,B0225,0,D0103,0,0,0,legitimate,none,0
TX000691,C0088,14950.56,2026-01-02 09:52:01,B0453,0,D0195,0,0,0,legitimate,none,0
TX000280,C0039,52205.84,2026-01-02 09:59:31,B0190,0,D0089,0,0,0,legitimate,none,0
TX000293,C0040,3944.87,2026-01-02 10:02:27,B0196,0,D0090,0,0,0,legitimate,none,0
TX000809,C0018,91305.18,2026-01-02 10:11:40,B0082,0,D0039,0,0,0,account_takeover,hard,1
TX000051,C0006,14168.07,2026-01-02 10:14:29,B0028,0,D0013,0,0,0,legitimate,none,0
TX000478,C0066,2937.86,2026-01-02 10:41:59,B0337,0,D0148,0,0,0,legitimate,none,0
TX000863,C0003,81503.98,2026-01-02 10:48:50,FRAUD_B000864,1,FRAUD_D000864,1,1,1,anomalous_context,easy,1
TX000096,C0013,9363.15,2026-01-02 10:58:22,B0057,0,D0028,0,0,0,legitimate,none,0
TX000038,C0003,37388.74,2026-01-02 10:59:18,B0012,0,D0006,0,0,0,legitimate,none,0
TX000785,C0100,8930.33,2026-01-02 11:02:52,B0502,0,D0216,0,0,0,legitimate,none,0
TX000576,C0076,13764.28,2026-01-02 11:36:35,B0386,0,D0170,0,0,0,legitimate,none,0
TX000379,C0052,4850.21,2026-01-02 11:36:36,B0266,0,D0117,0,0,0,legitimate,none,0
TX000200,C0024,37233.11,2026-01-02 11:43:24,B0109,0,D0055,0,0,0,legitimate,none,0
TX000205,C0024,33243.55,2026-01-02 11:43:49,B0109,0,D0054,0,0,0,legitimate,none,0
TX000592,C0078,16790.19,2026-01-02 11:45:34,B0396,0,D0175,0,0,0,legitimate,none,0
TX000345,C0047,9418.87,2026-01-02 11:46:52,B0235,0,D0106,0,0,0,legitimate,none,0
TX000127,C0016,1045.08,2026-01-02 11:49:08,B0066,0,D0034,0,0,0,legitimate,none,0
TX000692,C0088,22597.43,2026-01-02 12:05:19,B0452,0,D0195,0,0,0,legitimate,none,0
TX000545,C0074,23377.4,2026-01-02 12:33:21,B0377,0,D0166,0,0,0,legitimate,none,0
TX000665,C0084,50170.43,2026-01-02 12:38:13,NEW_B000666,1,D0188,0,0,0,legitimate,none,0
TX000186,C0021,1206.21,2026-01-02 13:04:45,B0092,0,D0048,0,0,0,legitimate,none,0
TX000823,C0021,1071.49,2026-01-02 13:08:45,FRAUD_B000824,1,FRAUD_D000824,1,1,1,transfer_burst,easy,1
TX000067,C0010,9717.98,2026-01-02 13:21:49,B0047,0,D0022,0,0,0,legitimate,none,0
TX000236,C0030,5205.25,2026-01-02 13:24:05,B0141,0,D0068,0,0,0,legitimate,none,0
TX000645,C0084,59113.33,2026-01-02 13:25:15,B0426,0,D0188,0,0,0,legitimate,none,0
TX000370,C0051,63128.6,2026-01-02 13:39:53,B0262,0,D0115,0,0,0,legitimate,none,0
TX000228,C0029,66199.86,2026-01-02 13:48:53,B0139,0,D0066,0,0,0,legitimate,none,0
TX000598,C0078,13843.89,2026-01-02 13:50:59,B0396,0,D0175,0,0,0,legitimate,none,0
TX000407,C0059,3027.62,2026-01-02 13:51:20,B0303,0,D0132,0,0,0,legitimate,none,0
TX000356,C0049,2265.8,2026-01-02 14:00:21,B0248,0,D0110,0,0,0,legitimate,none,0
TX000849,C0098,4264.45,2026-01-02 14:07:30,FRAUD_B000850,1,FRAUD_D000850,1,1,1,account_takeover,moderate,1
TX000666,C0084,65855.85,2026-01-02 14:15:39,B0426,0,D0188,0,0,0,legitimate,none,0
TX000713,C0092,2793.96,2026-01-02 14:15:53,B0471,0,NEW_D000714,1,0,0,legitimate,none,0
TX000134,C0018,72195.84,2026-01-02 14:28:15,B0082,0,D0039,0,0,0,legitimate,none,0
TX000511,C0068,4240.99,2026-01-02 14:34:20,B0345,0,D0152,0,0,1,legitimate,none,0
TX000480,C0066,3589.44,2026-01-02 14:38:36,B0337,0,D0148,0,0,0,legitimate,none,0
TX000402,C0058,19341.64,2026-01-02 14:49:25,B0300,0,D0130,0,0,0,legitimate,none,0
TX000351,C0049,3542.61,2026-01-02 15:13:48,B0249,0,D0109,0,0,0,legitimate,none,0
TX000083,C0011,23422.06,2026-01-02 15:20:07,B0051,0,D0024,0,0,0,legitimate,none,0
TX000494,C0067,4734.65,2026-01-02 15:21:58,B0340,0,D0150,0,0,0,legitimate,none,0
TX000032,C0003,141143.38,2026-01-02 15:28:07,B0011,0,D0007,0,0,0,legitimate,none,0
TX000039,C0003,54576.64,2026-01-02 15:35:00,B0010,0,D0006,0,0,0,legitimate,none,0
TX000348,C0048,10272.0,2026-01-02 15:43:22,NEW_B000349,1,D0107,0,0,0,legitimate,none,0
TX000744,C0095,4402.55,2026-01-02 15:51:45,B0482,0,NEW_D000745,1,0,0,legitimate,none,0
TX000623,C0082,5357.92,2026-01-02 15:54:27,B0417,0,D0186,0,0,0,legitimate,none,0
TX000438,C0063,2608.17,2026-01-02 15:59:20,B0322,0,D0142,0,0,0,legitimate,none,0
TX000724,C0094,5594.38,2026-01-02 16:05:51,B0478,0,D0202,0,0,0,legitimate,none,0
TX000761,C0098,2904.18,2026-01-02 16:12:42,B0492,0,D0211,0,0,0,legitimate,none,0
TX000572,C0075,20233.6,2026-01-02 16:26:12,B0384,0,D0167,0,0,0,legitimate,none,0
TX000479,C0066,5168.81,2026-01-02 16:56:26,NEW_B000480,1,D0149,0,0,0,legitimate,none,0
TX000005,C0001,1347.6,2026-01-02 16:57:34,B0001,0,D0001,0,0,0,legitimate,none,0
TX000389,C0055,645.87,2026-01-02 16:59:29,B0280,0,D0125,0,0,1,legitimate,none,0
TX000410,C0060,24972.01,2026-01-02 17:09:49,B0305,0,D0134,0,0,0,legitimate,none,0
TX000415,C0061,2071.61,2026-01-02 17:23:54,B0315,0,D0135,0,0,0,legitimate,none,0
TX000716,C0092,4445.46,2026-01-02 17:29:06,B0471,0,D0199,0,0,0,legitimate,none,0
TX000611,C0079,10794.33,2026-01-02 17:49:31,B0401,0,D0176,0,0,0,legitimate,none,0
TX000652,C0084,85386.79,2026-01-02 17:52:19,B0429,0,D0188,0,0,0,legitimate,none,0
TX000383,C0053,1452.71,2026-01-02 17:52:55,B0270,0,D0119,0,0,0,legitimate,none,0
TX000829,C0053,3459.57,2026-01-02 17:54:55,B0271,0,D0120,0,0,0,transfer_burst,hard,1
TX000297,C0040,6085.48,2026-01-02 18:02:25,B0196,0,D0090,0,0,0,legitimate,none,0
TX000653,C0084,58670.19,2026-01-02 18:19:40,NEW_B000654,1,D0188,0,0,0,legitimate,none,0
TX000289,C0040,5196.14,2026-01-02 18:23:11,B0196,0,D0091,0,0,0,legitimate,none,0
TX000773,C0098,4176.4,2026-01-02 18:36:10,NEW_B000774,1,D0212,0,0,0,legitimate,none,0
TX000183,C0020,483.27,2026-01-02 18:36:53,B0090,0,D0046,0,0,0,legitimate,none,0
TX000485,C0066,2077.27,2026-01-02 18:47:02,B0336,0,D0149,0,0,0,legitimate,none,0
TX000264,C0035,7159.93,2026-01-02 18:54:28,B0170,0,D0079,0,0,0,legitimate,none,0
TX000059,C0007,5074.14,2026-01-02 18:54:51,B0029,0,D0016,0,0,0,legitimate,none,0
TX000256,C0033,15927.21,2026-01-02 19:01:14,B0159,0,D0073,0,0,1,legitimate,none,0
TX000342,C0046,24048.71,2026-01-02 19:06:16,B0227,0,D0103,0,0,0,legitimate,none,0
TX000050,C0006,6082.99,2026-01-02 19:36:43,B0023,0,D0015,0,0,0,legitimate,none,0
TX000530,C0074,65898.6,2026-01-02 19:55:29,B0381,0,D0166,0,0,0,legitimate,none,0
TX000119,C0016,1996.73,2026-01-02 20:02:08,B0071,0,D0034,0,0,0,legitimate,none,0
TX000108,C0014,24158.77,2026-01-02 20:04:07,B0061,0,D0029,0,0,0,legitimate,none,0
TX000717,C0092,3454.41,2026-01-02 20:04:23,B0471,0,D0199,0,0,0,legitimate,none,0
TX000719,C0092,2975.62,2026-01-02 20:08:45,B0470,0,D0199,0,0,0,legitimate,none,0
TX000697,C0088,18406.57,2026-01-02 20:14:32,B0455,0,D0195,0,0,0,legitimate,none,0
TX000262,C0034,15458.34,2026-01-02 20:16:54,B0162,0,D0077,0,0,0,legitimate,none,0
TX000458,C0064,16504.19,2026-01-02 20:22:09,B0328,0,D0143,0,0,0,legitimate,none,0
TX000302,C0040,3986.83,2026-01-02 20:32:25,B0195,0,D0090,0,0,0,legitimate,none,0
TX000268,C0035,5901.7,2026-01-02 20:56:09,B0170,0,D0080,0,0,0,legitimate,none,0
TX000192,C0023,5108.57,2026-01-02 21:17:02,NEW_B000193,1,D0053,0,0,0,legitimate,none,0
TX000310,C0042,1583.03,2026-01-02 21:18:16,NEW_B000311,1,D0095,0,0,0,legitimate,none,0
TX000090,C0012,1941.39,2026-01-02 21:28:40,B0054,0,D0025,0,0,0,legitimate,none,0
TX000012,C0001,1246.91,2026-01-02 21:42:07,B0001,0,D0002,0,0,0,legitimate,none,0
TX000508,C0068,2905.95,2026-01-02 21:46:55,B0349,0,D0152,0,0,0,legitimate,none,0
TX000141,C0018,67528.1,2026-01-02 22:08:20,NEW_B000142,1,D0039,0,0,0,legitimate,none,0
TX000322,C0043,3244.12,2026-01-02 22:10:07,B0207,0,D0099,0,0,0,legitimate,none,0
TX000358,C0050,1084.92,2026-01-02 22:10:26,B0260,0,D0112,0,0,0,legitimate,none,0
TX000401,C0058,12302.05,2026-01-02 22:18:12,B0297,0,D0130,0,0,0,legitimate,none,0
TX000140,C0018,39871.94,2026-01-02 22:25:32,B0082,0,D0039,0,0,0,legitimate,none,0
TX000384,C0054,13145.42,2026-01-02 22:41:17,B0274,0,D0122,0,0,0,legitimate,none,0
TX000760,C0098,4247.91,2026-01-02 22:52:53,B0491,0,D0210,0,0,0,legitimate,none,0
TX000355,C0049,3221.88,2026-01-02 23:11:11,B0247,0,D0110,0,0,0,legitimate,none,0
TX000272,C0036,1926.5,2026-01-02 23:15:42,B0171,0,D0081,0,0,0,legitimate,none,0
TX000860,C0088,23432.11,2026-01-02 23:59:51,FRAUD_B000861,1,D0195,0,0,0,new_beneficiary,hard,1
TX000128,C0016,1234.32,2026-01-03 00:22:33,B0067,0,D0034,0,0,0,legitimate,none,0
TX000594,C0078,21560.42,2026-01-03 00:23:28,B0396,0,D0173,0,0,0,legitimate,none,0
TX000242,C0030,4222.97,2026-01-03 00:24:55,B0144,0,D0067,0,0,0,legitimate,none,0
TX000839,C0032,14390.08,2026-01-03 00:42:37,FRAUD_B000840,1,FRAUD_D000840,1,1,1,abnormal_amount,easy,1
TX000550,C0075,11023.37,2026-01-03 01:11:28,B0383,0,D0167,0,0,0,legitimate,none,0
TX000260,C0033,22964.62,2026-01-03 02:44:53,B0158,0,D0073,0,0,0,legitimate,none,0
TX000396,C0057,4630.94,2026-01-03 02:48:13,B0293,0,D0129,0,0,0,legitimate,none,0
TX000679,C0085,43640.37,2026-01-03 04:58:51,B0433,0,D0191,0,0,0,legitimate,none,0
TX000835,C0029,104520.45,2026-01-03 05:45:08,FRAUD_B000836,1,FRAUD_D000836,1,1,1,new_beneficiary,easy,1
TX000765,C0098,4720.72,2026-01-03 06:12:12,B0491,0,D0212,0,0,0,legitimate,none,0
TX000179,C0020,655.49,2026-01-03 06:13:59,B0090,0,D0045,0,0,0,legitimate,none,0
TX000157,C0019,10634.55,2026-01-03 06:47:21,B0085,0,D0043,0,0,0,legitimate,none,0
TX000232,C0030,4657.52,2026-01-03 07:02:06,B0144,0,D0067,0,0,1,legitimate,none,0
TX000304,C0040,5669.67,2026-01-03 07:10:54,B0195,0,D0090,0,0,0,legitimate,none,0
TX000559,C0075,15055.88,2026-01-03 07:25:07,B0385,0,D0168,0,0,0,legitimate,none,0
TX000138,C0018,57106.79,2026-01-03 07:36:35,B0083,0,D0040,0,0,0,legitimate,none,0
TX000340,C0045,3827.74,2026-01-03 07:52:14,B0221,0,D0101,0,0,0,legitimate,none,0
TX000224,C0028,1487.13,2026-01-03 08:28:55,NEW_B000225,1,D0062,0,0,0,legitimate,none,0
TX000080,C0010,4010.06,2026-01-03 08:56:03,B0047,0,D0022,0,0,0,legitimate,none,0
TX000395,C0056,2651.75,2026-01-03 09:09:27,B0288,0,D0128,0,0,0,legitimate,none,0
TX000375,C0051,135278.24,2026-01-03 09:11:41,B0263,0,D0115,0,0,0,legitimate,none,0
TX000584,C0076,68735.96,2026-01-03 09:24:23,B0386,0,D0170,0,0,0,legitimate,none,0
TX000677,C0085,22722.35,2026-01-03 09:25:23,B0432,0,D0189,0,1,0,legitimate,none,0
TX000726,C0094,4321.91,2026-01-03 09:41:35,B0478,0,D0202,0,0,0,legitimate,none,0
TX000491,C0067,6368.98,2026-01-03 09:57:08,NEW_B000492,1,D0151,0,1,0,legitimate,none,0
TX000670,C0085,45233.34,2026-01-03 10:05:20,B0435,0,D0189,0,0,0,legitimate,none,0
TX000426,C0063,6278.59,2026-01-03 10:08:33,B0320,0,D0141,0,0,0,legitimate,none,0
TX000759,C0098,2606.45,2026-01-03 10:09:30,B0492,0,D0210,0,0,0,legitimate,none,0
TX000490,C0066,3397.64,2026-01-03 10:10:55,B0336,0,D0149,0,0,0,legitimate,none,0
TX000589,C0077,3655.91,2026-01-03 10:30:22,B0391,0,D0171,0,1,0,legitimate,none,0
TX000537,C0074,67089.69,2026-01-03 10:32:04,B0378,0,D0166,0,0,0,legitimate,none,0
TX000814,C0044,783.54,2026-01-03 10:41:50,FRAUD_B000815,1,FRAUD_D000815,1,1,1,new_device,easy,1
TX000421,C0062,1230.92,2026-01-03 10:55:10,B0318,0,D0139,0,0,0,legitimate,none,0
TX000052,C0006,11420.91,2026-01-03 11:04:28,NEW_B000053,1,NEW_D000053,1,0,0,legitimate,none,0
TX000706,C0091,35837.56,2026-01-03 11:05:17,B0469,0,D0198,0,0,0,legitimate,none,0
TX000034,C0003,61938.51,2026-01-03 11:30:33,B0011,0,D0007,0,0,0,legitimate,none,0
TX000735,C0094,5986.72,2026-01-03 11:50:15,B0477,0,NEW_D000736,1,0,0,legitimate,none,0
TX000112,C0015,12884.7,2026-01-03 11:53:49,B0065,0,D0031,0,0,0,legitimate,none,0
TX000469,C0065,5644.68,2026-01-03 12:13:34,B0333,0,D0146,0,0,0,legitimate,none,0
TX000098,C0013,17998.96,2026-01-03 12:21:49,B0056,0,NEW_D000099,1,0,0,legitimate,none,0
TX000737,C0094,4925.74,2026-01-03 12:37:53,B0476,0,D0204,0,0,0,legitimate,none,0
TX000148,C0018,38172.88,2026-01-03 12:44:45,B0083,0,D0040,0,0,0,legitimate,none,0
TX000359,C0050,1302.78,2026-01-03 12:48:39,B0254,0,D0113,0,0,0,legitimate,none,0
TX000170,C0020,551.02,2026-01-03 12:59:56,B0088,0,D0046,0,0,0,legitimate,none,0
TX000457,C0064,23170.33,2026-01-03 13:13:54,B0327,0,D0145,0,0,0,legitimate,none,0
TX000151,C0019,7330.56,2026-01-03 13:15:03,B0085,0,D0041,0,0,0,legitimate,none,0
TX000087,C0011,20683.73,2026-01-03 13:21:49,B0052,0,D0023,0,0,0,legitimate,none,0
TX000837,C0096,935.07,2026-01-03 13:28:40,FRAUD_B000838,1,FRAUD_D000838,1,1,1,account_takeover,easy,1
TX000055,C0006,16906.52,2026-01-03 13:38:51,B0024,0,D0015,0,0,0,legitimate,none,0
TX000258,C0033,14678.15,2026-01-03 13:57:54,B0159,0,D0074,0,0,0,legitimate,none,0
TX000769,C0098,2850.13,2026-01-03 13:58:02,B0491,0,D0211,0,0,0,legitimate,none,0
TX000198,C0024,59275.11,2026-01-03 14:06:08,B0109,0,D0055,0,0,0,legitimate,none,0
TX000564,C0075,12146.01,2026-01-03 14:09:48,B0385,0,D0167,0,0,0,legitimate,none,0
TX000074,C0010,14594.82,2026-01-03 14:23:09,B0046,0,D0022,0,0,0,legitimate,none,0
TX000306,C0040,4960.85,2026-01-03 14:27:57,B0196,0,D0090,0,0,0,legitimate,none,0
TX000586,C0076,43929.41,2026-01-03 14:32:43,B0386,0,D0170,0,0,0,legitimate,none,0
TX000019,C0001,1054.59,2026-01-03 14:35:00,B0001,0,D0002,0,0,0,legitimate,none,0
TX000060,C0008,18326.14,2026-01-03 14:37:24,B0035,0,D0017,0,0,0,legitimate,none,0
TX000844,C0056,1833.79,2026-01-03 14:39:43,FRAUD_B000845,1,FRAUD_D000845,1,1,1,account_takeover,easy,1
TX000864,C0034,16636.51,2026-01-03 14:41:10,B0162,0,D0077,0,0,0,account_takeover,hard,1
TX000541,C0074,113104.59,2026-01-03 14:48:52,B0377,0,D0166,0,0,0,legitimate,none,0
TX000730,C0094,3506.31,2026-01-03 14:49:05,B0477,0,D0202,0,0,0,legitimate,none,0
TX000702,C0089,2018.75,2026-01-03 14:57:09,B0462,0,D0196,0,0,0,legitimate,none,0
TX000710,C0092,5039.79,2026-01-03 14:57:33,B0470,0,D0199,0,0,0,legitimate,none,0
TX000309,C0041,5170.29,2026-01-03 15:12:09,B0197,0,D0094,0,0,0,legitimate,none,0
TX000298,C0040,5233.96,2026-01-03 15:19:17,B0195,0,NEW_D000299,1,0,0,legitimate,none,0
TX000254,C0033,24405.96,2026-01-03 15:20:05,B0157,0,D0074,0,0,0,legitimate,none,0
TX000555,C0075,14826.28,2026-01-03 15:25:03,B0385,0,D0169,0,0,0,legitimate,none,0
TX000639,C0083,1515.03,2026-01-03 15:36:25,B0421,0,D0187,0,0,0,legitimate,none,0
TX000786,C0100,10125.41,2026-01-03 15:42:33,B0499,0,D0216,0,0,0,legitimate,none,0
TX000030,C0002,4328.03,2026-01-03 15:45:18,B0006,0,D0003,0,0,0,legitimate,none,0
TX000042,C0005,19039.75,2026-01-03 15:46:19,B0020,0,D0011,0,0,0,legitimate,none,0
TX000740,C0094,5966.43,2026-01-03 16:01:58,B0478,0,D0204,0,0,0,legitimate,none,0
TX000408,C0060,20709.27,2026-01-03 16:04:35,NEW_B000409,1,D0134,0,0,0,legitimate,none,0
TX000549,C0075,14961.75,2026-01-03 16:16:10,B0384,0,D0168,0,0,0,legitimate,none,0
TX000777,C0100,5978.28,2026-01-03 16:16:19,B0501,0,D0216,0,0,0,legitimate,none,0
TX000466,C0065,6268.05,2026-01-03 16:22:38,B0333,0,D0147,0,0,0,legitimate,none,0
TX000517,C0070,1239.72,2026-01-03 16:29:31,B0367,0,D0157,0,0,0,legitimate,none,0
TX000513,C0068,3641.51,2026-01-03 16:34:28,B0344,0,D0152,0,0,0,legitimate,none,0
TX000739,C0094,6859.95,2026-01-03 16:40:16,NEW_B000740,1,D0203,0,0,0,legitimate,none,0
TX000133,C0018,43068.58,2026-01-03 16:46:55,B0083,0,D0039,0,0,0,legitimate,none,0
TX000368,C0051,82498.79,2026-01-03 17:00:35,B0262,0,D0115,0,0,0,legitimate,none,0
TX000064,C0009,1084.78,2026-01-03 17:13:28,B0040,0,D0019,0,0,0,legitimate,none,0
TX000774,C0098,4534.62,2026-01-03 17:14:37,B0492,0,D0211,0,0,0,legitimate,none,0
TX000721,C0093,1671.54,2026-01-03 17:19:18,B0473,0,D0201,0,0,0,legitimate,none,0
TX000796,C0093,1470.64,2026-01-03 17:20:18,FRAUD_B000797,1,FRAUD_D000797,1,1,0,transfer_burst,moderate,1
TX000349,C0048,13947.03,2026-01-03 17:35:30,B0245,0,D0108,0,0,0,legitimate,none,0
TX000474,C0065,9465.85,2026-01-03 17:40:19,B0335,0,D0146,0,0,0,legitimate,none,0
TX000498,C0067,6019.7,2026-01-03 17:59:08,B0343,0,D0151,0,0,0,legitimate,none,0
TX000010,C0001,1685.34,2026-01-03 18:17:48,NEW_B000011,1,D0001,0,0,0,legitimate,none,0
TX000519,C0071,2717.4,2026-01-03 18:37:26,B0368,0,D0159,0,0,0,legitimate,none,0
TX000397,C0057,2619.63,2026-01-03 18:47:08,B0289,0,D0129,0,0,0,legitimate,none,0
TX000729,C0094,3833.67,2026-01-03 19:01:55,B0477,0,D0202,0,0,0,legitimate,none,0
TX000117,C0016,1471.46,2026-01-03 19:10:44,B0073,0,D0033,0,0,0,legitimate,none,0
TX000762,C0098,3638.89,2026-01-03 19:21:10,B0491,0,D0210,0,0,0,legitimate,none,0
TX000431,C0063,2871.02,2026-01-03 19:25:15,B0322,0,D0141,0,0,0,legitimate,none,0
TX000807,C0009,1794.44,2026-01-03 19:31:06,FRAUD_B000808,1,D0021,0,0,0,new_beneficiary,moderate,1
TX000145,C0018,68142.98,2026-01-03 19:44:13,B0083,0,D0040,0,0,0,legitimate,none,0
TX000188,C0022,3250.9,2026-01-03 19:51:58,B0098,0,D0050,0,0,0,legitimate,none,0
TX000455,C0064,20130.84,2026-01-03 19:52:46,B0326,0,D0143,0,0,0,legitimate,none,0
TX000696,C0088,15209.2,2026-01-03 19:56:30,B0455,0,D0195,0,1,0,legitimate,none,0
TX000672,C0085,12879.89,2026-01-03 19:57:10,B0435,0,D0189,0,0,0,legitimate,none,0
TX000748,C0096,633.29,2026-01-03 20:00:27,B0485,0,D0207,0,0,0,legitimate,none,0
TX000571,C0075,13537.15,2026-01-03 20:02:06,B0385,0,D0167,0,0,0,legitimate,none,0
TX000793,C0019,6544.96,2026-01-03 20:34:18,FRAUD_B000794,1,FRAUD_D000794,1,1,1,account_takeover,easy,1
TX000688,C0088,14880.88,2026-01-03 20:48:42,B0454,0,D0195,0,0,0,legitimate,none,0
TX000177,C0020,714.8,2026-01-03 20:54:23,B0090,0,D0044,0,0,0,legitimate,none,0
TX000722,C0093,745.15,2026-01-03 21:00:07,B0472,0,D0201,0,0,0,legitimate,none,0
TX000435,C0063,6457.16,2026-01-03 21:23:29,B0320,0,D0140,0,0,0,legitimate,none,0
TX000846,C0029,112019.49,2026-01-03 21:28:14,B0136,0,D0065,0,0,0,account_takeover,hard,1
TX000851,C0049,4499.24,2026-01-03 21:30:57,B0251,0,D0111,0,0,0,new_beneficiary,hard,1
TX000204,C0024,74575.16,2026-01-03 21:36:50,B0109,0,D0055,0,0,0,legitimate,none,0
TX000385,C0054,12052.72,2026-01-03 21:43:30,B0274,0,D0123,0,1,0,legitimate,none,0
TX000201,C0024,62743.88,2026-01-03 21:50:04,B0108,0,D0055,0,0,0,legitimate,none,0
TX000104,C0014,17431.23,2026-01-03 22:09:53,B0059,0,D0030,0,0,0,legitimate,none,0
TX000714,C0092,3739.89,2026-01-03 22:22:07,B0470,0,D0199,0,0,0,legitimate,none,0
TX000392,C0056,2247.76,2026-01-03 22:27:14,NEW_B000393,1,D0127,0,0,0,legitimate,none,0
TX000749,C0096,668.64,2026-01-03 22:29:31,B0485,0,D0206,0,0,0,legitimate,none,0
TX000361,C0050,1372.84,2026-01-03 22:52:49,B0261,0,D0113,0,0,0,legitimate,none,0
TX000142,C0018,88003.57,2026-01-03 22:53:32,B0083,0,D0038,0,0,0,legitimate,none,0
TX000827,C0001,700.66,2026-01-03 23:22:32,FRAUD_B000828,1,FRAUD_D000828,1,1,1,account_takeover,moderate,1
TX000337,C0044,981.01,2026-01-03 23:32:14,B0217,0,D0100,0,0,0,legitimate,none,0
TX000522,C0071,3068.91,2026-01-03 23:38:06,B0370,0,D0159,0,0,0,legitimate,none,0
TX000824,C0065,4185.38,2026-01-04 01:21:08,B0335,0,D0146,0,0,0,anomalous_hour,hard,1
TX000120,C0016,1822.36,2026-01-04 01:28:48,B0068,0,D0033,0,0,0,legitimate,none,0
TX000862,C0054,11321.96,2026-01-04 02:33:46,B0276,0,FRAUD_D000863,1,1,0,new_device,moderate,1
TX000404,C0059,4517.03,2026-01-04 03:00:16,B0302,0,D0133,0,0,0,legitimate,none,0
TX000810,C0035,8852.46,2026-01-04 04:32:40,B0168,0,D0080,0,0,0,anomalous_hour,hard,1
TX000184,C0021,1137.21,2026-01-04 04:47:31,B0096,0,D0047,0,0,0,legitimate,none,0
TX000723,C0093,911.33,2026-01-04 05:24:30,B0473,0,D0201,0,0,0,legitimate,none,0
TX000327,C0044,1756.96,2026-01-04 06:00:42,B0212,0,D0100,0,0,0,legitimate,none,0
TX000473,C0065,3661.59,2026-01-04 06:02:15,NEW_B000474,1,D0147,0,0,0,legitimate,none,0
TX000009,C0001,1245.28,2026-01-04 06:05:41,B0002,0,D0002,0,0,0,legitimate,none,0
TX000079,C0010,10205.98,2026-01-04 06:05:47,B0046,0,D0022,0,0,0,legitimate,none,0
TX000271,C0036,4847.65,2026-01-04 06:20:38,B0175,0,D0082,0,0,0,legitimate,none,0
TX000367,C0050,1267.63,2026-01-04 06:30:10,B0256,0,D0114,0,0,0,legitimate,none,0
TX000305,C0040,4762.12,2026-01-04 06:30:58,B0195,0,D0090,0,0,0,legitimate,none,0
TX000143,C0018,32729.61,2026-01-04 06:38:30,B0082,0,D0040,0,0,0,legitimate,none,0
TX000492,C0067,9218.75,2026-01-04 06:38:56,B0341,0,D0151,0,0,0,legitimate,none,0
TX000394,C0056,3034.88,2026-01-04 06:45:47,B0287,0,D0127,0,0,0,legitimate,none,0
TX000387,C0055,554.1,2026-01-04 06:56:46,B0286,0,D0124,0,0,0,legitimate,none,0
TX000482,C0066,1916.71,2026-01-04 06:59:17,NEW_B000483,1,D0148,0,0,0,legitimate,none,0
TX000364,C0050,1330.92,2026-01-04 07:05:04,B0258,0,D0114,0,0,0,legitimate,none,0
TX000646,C0084,58596.77,2026-01-04 07:12:10,B0425,0,D0188,0,0,0,legitimate,none,0
TX000318,C0043,2496.42,2026-01-04 07:34:12,B0207,0,D0099,0,0,0,legitimate,none,0
TX000048,C0006,17007.71,2026-01-04 07:39:04,B0025,0,NEW_D000049,1,0,0,legitimate,none,0
TX000425,C0063,5312.82,2026-01-04 08:06:16,B0320,0,D0141,0,0,0,legitimate,none,0
TX000768,C0098,5375.27,2026-01-04 08:07:09,B0491,0,D0210,0,0,0,legitimate,none,0
TX000334,C0044,1039.04,2026-01-04 08:16:41,B0214,0,NEW_D000335,1,0,0,legitimate,none,0
TX000378,C0052,3088.21,2026-01-04 08:25:23,B0266,0,D0118,0,0,0,legitimate,none,0
TX000229,C0030,3434.99,2026-01-04 08:25:32,B0146,0,D0068,0,0,0,legitimate,none,0
TX000648,C0084,62778.69,2026-01-04 08:25:53,B0426,0,D0188,0,0,0,legitimate,none,0
TX000703,C0090,7417.18,2026-01-04 09:06:50,B0464,0,D0197,0,0,0,legitimate,none,0
TX000787,C0100,9559.15,2026-01-04 09:08:34,B0499,0,D0216,0,0,0,legitimate,none,0
TX000756,C0098,6282.61,2026-01-04 09:21:41,NEW_B000757,1,D0211,0,0,0,legitimate,none,0
TX000152,C0019,7526.83,2026-01-04 10:00:35,NEW_B000153,1,D0043,0,0,0,legitimate,none,0
TX000608,C0078,12280.57,2026-01-04 10:22:10,B0397,0,D0174,0,0,0,legitimate,none,0
TX000712,C0092,3243.05,2026-01-04 10:33:34,B0470,0,D0199,0,0,0,legitimate,none,0
TX000738,C0094,5922.95,2026-01-04 10:46:35,NEW_B000739,1,D0202,0,0,0,legitimate,none,0
TX000707,C0091,18675.97,2026-01-04 10:51:27,B0469,0,D0198,0,0,0,legitimate,none,0
TX000233,C0030,4433.3,2026-01-04 10:56:41,B0143,0,D0068,0,0,0,legitimate,none,0
TX000445,C0064,14570.69,2026-01-04 11:04:33,B0327,0,D0145,0,0,1,legitimate,none,0
TX000332,C0044,952.94,2026-01-04 11:07:08,B0211,0,NEW_D000333,1,0,0,legitimate,none,0
TX000273,C0036,4565.29,2026-01-04 11:11:15,B0176,0,D0081,0,0,0,legitimate,none,0
TX000388,C0055,785.44,2026-01-04 11:14:53,B0281,0,D0124,0,0,0,legitimate,none,0
TX000250,C0031,618.68,2026-01-04 11:23:10,B0147,0,D0071,0,0,0,legitimate,none,0
TX000505,C0067,5138.09,2026-01-04 11:36:38,B0340,0,D0151,0,0,0,legitimate,none,0
TX000567,C0075,5231.13,2026-01-04 11:39:44,B0383,0,D0169,0,0,0,legitimate,none,0
TX000214,C0025,7495.92,2026-01-04 11:40:42,B0110,0,D0056,0,0,0,legitimate,none,0
TX000316,C0043,2769.98,2026-01-04 11:49:05,B0208,0,D0097,0,1,0,legitimate,none,0
TX000113,C0015,13222.69,2026-01-04 12:02:50,B0062,0,D0031,0,0,0,legitimate,none,0
TX000014,C0001,617.48,2026-01-04 12:04:37,B0001,0,D0002,0,0,0,legitimate,none,0
TX000321,C0043,2832.74,2026-01-04 12:10:58,NEW_B000322,1,D0097,0,0,0,legitimate,none,0
TX000746,C0096,640.58,2026-01-04 12:42:47,B0486,0,D0206,0,0,0,legitimate,none,0
TX000172,C0020,537.76,2026-01-04 12:48:55,B0088,0,D0045,0,0,0,legitimate,none,0
TX000341,C0045,3470.48,2026-01-04 13:00:21,B0221,0,D0101,0,0,0,legitimate,none,0
TX000516,C0070,1322.0,2026-01-04 13:09:55,B0364,0,D0157,0,0,0,legitimate,none,0
TX000346,C0047,11732.5,2026-01-04 13:17:25,NEW_B000347,1,NEW_D000347,1,0,0,legitimate,none,0
TX000105,C0014,21845.7,2026-01-04 13:24:05,B0058,0,D0029,0,0,0,legitimate,none,0
TX000763,C0098,6206.48,2026-01-04 13:30:47,B0492,0,D0211,0,0,0,legitimate,none,0
TX000235,C0030,7186.48,2026-01-04 13:33:43,B0141,0,D0067,0,0,0,legitimate,none,0
TX000182,C0020,528.93,2026-01-04 13:47:09,B0090,0,D0046,0,0,0,legitimate,none,0
TX000004,C0001,2111.67,2026-01-04 13:53:40,B0002,0,D0002,0,0,0,legitimate,none,0
TX000650,C0084,77147.38,2026-01-04 13:59:27,B0425,0,D0188,0,0,0,legitimate,none,0
TX000577,C0076,43774.79,2026-01-04 14:00:46,B0387,0,D0170,0,0,0,legitimate,none,0
TX000795,C0014,21680.4,2026-01-04 14:10:16,FRAUD_B000796,1,FRAUD_D000796,1,1,1,account_takeover,moderate,1
TX000603,C0078,24711.54,2026-01-04 14:26:11,B0396,0,D0174,0,0,0,legitimate,none,0
TX000828,C0078,21728.9,2026-01-04 14:27:11,FRAUD_B000829,1,FRAUD_D000829,1,1,1,transfer_burst,easy,1
TX000427,C0063,3162.57,2026-01-04 14:35:28,B0322,0,D0142,0,0,0,legitimate,none,0
TX000671,C0085,46813.53,2026-01-04 14:47:23,NEW_B000672,1,D0190,0,0,0,legitimate,none,0
TX000082,C0011,17965.86,2026-01-04 15:02:14,B0052,0,D0023,0,0,0,legitimate,none,0
TX000153,C0019,5427.23,2026-01-04 15:20:18,B0084,0,D0041,0,0,0,legitimate,none,0
TX000102,C0014,20059.5,2026-01-04 15:49:24,B0061,0,NEW_D000103,1,0,0,legitimate,none,0
TX000159,C0019,4381.43,2026-01-04 16:19:37,B0084,0,D0042,0,0,0,legitimate,none,0
TX000535,C0074,72748.33,2026-01-04 16:26:22,NEW_B000536,1,D0166,0,0,0,legitimate,none,0
TX000543,C0074,104805.93,2026-01-04 16:33:43,NEW_B000544,1,D0166,0,0,0,legitimate,none,0
TX000353,C0049,4074.11,2026-01-04 16:35:03,B0249,0,D0110,0,0,0,legitimate,none,0
TX000637,C0082,4270.12,2026-01-04 16:36:06,B0417,0,D0185,0,0,0,legitimate,none,0
TX000008,C0001,1783.12,2026-01-04 16:42:43,B0001,0,D0001,0,0,0,legitimate,none,0
TX000093,C0013,13176.18,2026-01-04 16:45:05,B0056,0,D0028,0,0,0,legitimate,none,0
TX000097,C0013,18174.55,2026-01-04 16:52:08,B0056,0,D0027,0,0,1,legitimate,none,0
TX000600,C0078,21816.99,2026-01-04 17:00:18,B0397,0,NEW_D000601,1,0,0,legitimate,none,0
TX000086,C0011,13784.7,2026-01-04 17:05:27,B0049,0,D0024,0,0,0,legitimate,none,0
TX000007,C0001,2136.1,2026-01-04 17:19:48,B0002,0,D0001,0,0,0,legitimate,none,0
TX000021,C0002,6828.6,2026-01-04 17:27:47,B0005,0,D0004,0,0,0,legitimate,none,0
TX000557,C0075,11493.4,2026-01-04 17:31:05,B0384,0,D0167,0,0,1,legitimate,none,0
TX000016,C0001,1204.92,2026-01-04 17:40:57,B0001,0,D0002,0,0,0,legitimate,none,0
TX000423,C0063,4118.6,2026-01-04 17:47:37,B0321,0,D0140,0,0,0,legitimate,none,0
TX000300,C0040,5697.36,2026-01-04 17:52:03,B0195,0,D0091,0,0,0,legitimate,none,0
TX000091,C0012,1731.34,2026-01-04 17:53:18,B0053,0,D0025,0,0,0,legitimate,none,0
TX000775,C0099,1737.18,2026-01-04 18:01:11,B0495,0,D0214,0,0,0,legitimate,none,0
TX000784,C0100,9046.85,2026-01-04 18:12:30,B0503,0,NEW_D000785,1,0,0,legitimate,none,0
TX000365,C0050,1433.7,2026-01-04 18:27:20,B0255,0,D0114,0,0,0,legitimate,none,0
TX000524,C0072,77573.4,2026-01-04 18:39:36,B0371,0,D0162,0,0,0,legitimate,none,0
TX000669,C0085,6975.52,2026-01-04 18:42:23,B0436,0,D0189,0,0,0,legitimate,none,0
TX000855,C0057,6090.39,2026-01-04 18:47:00,FRAUD_B000856,1,D0129,0,1,1,new_beneficiary,moderate,1
TX000661,C0084,52835.17,2026-01-04 18:56:24,NEW_B000662,1,D0188,0,1,1,legitimate,none,0
TX000654,C0084,42633.25,2026-01-04 18:59:58,B0425,0,D0188,0,0,0,legitimate,none,0
TX000315,C0043,3830.69,2026-01-04 19:03:55,B0208,0,NEW_D000316,1,0,0,legitimate,none,0
TX000683,C0085,28713.35,2026-01-04 19:05:48,B0434,0,D0190,0,0,0,legitimate,none,0
TX000429,C0063,5864.37,2026-01-04 19:16:09,B0320,0,D0140,0,0,0,legitimate,none,0
TX000081,C0010,9277.98,2026-01-04 19:17:13,B0045,0,D0022,0,0,0,legitimate,none,0
TX000028,C0002,5277.68,2026-01-04 19:19:36,B0007,0,NEW_D000029,1,0,0,legitimate,none,0
TX000840,C0024,55160.7,2026-01-04 19:33:48,FRAUD_B000841,1,FRAUD_D000841,1,1,1,account_takeover,easy,1
TX000636,C0082,1724.36,2026-01-04 19:36:32,NEW_B000637,1,D0186,0,0,0,legitimate,none,0
TX000467,C0065,7949.95,2026-01-04 20:02:59,B0332,0,D0146,0,0,0,legitimate,none,0
TX000437,C0063,6625.75,2026-01-04 20:15:47,NEW_B000438,1,D0142,0,0,0,legitimate,none,0
TX000531,C0074,107757.33,2026-01-04 20:24:22,B0379,0,D0166,0,0,0,legitimate,none,0
TX000006,C0001,1347.61,2026-01-04 20:26:03,B0002,0,D0001,0,0,0,legitimate,none,0
TX000514,C0069,59992.37,2026-01-04 20:39:22,B0355,0,D0156,0,0,0,legitimate,none,0
TX000595,C0078,25698.93,2026-01-04 20:59:20,B0397,0,D0174,0,0,0,legitimate,none,0
TX000136,C0018,92607.95,2026-01-04 21:01:05,NEW_B000137,1,D0038,0,0,0,legitimate,none,0
TX000314,C0043,3424.43,2026-01-04 21:03:55,B0207,0,D0097,0,0,0,legitimate,none,0
TX000231,C0030,3415.23,2026-01-04 21:17:20,B0143,0,D0067,0,0,0,legitimate,none,0
TX000690,C0088,19000.75,2026-01-04 21:19:39,B0455,0,D0195,0,0,0,legitimate,none,0
TX000483,C0066,1392.02,2026-01-04 21:44:20,B0337,0,D0148,0,0,0,legitimate,none,0
TX000481,C0066,2583.85,2026-01-04 21:45:41,B0339,0,D0148,0,0,0,legitimate,none,0
TX000283,C0039,87115.71,2026-01-04 21:50:55,B0191,0,D0088,0,0,0,legitimate,none,0
TX000579,C0076,22749.33,2026-01-04 21:51:51,B0386,0,D0170,0,0,0,legitimate,none,0
TX000847,C0078,16808.17,2026-01-04 21:54:44,B0395,0,FRAUD_D000848,1,0,0,new_device,moderate,1
TX000850,C0055,3048.21,2026-01-04 22:01:10,FRAUD_B000851,1,FRAUD_D000851,1,1,1,abnormal_amount,easy,1
TX000470,C0065,5553.42,2026-01-04 22:02:16,B0333,0,D0147,0,0,0,legitimate,none,0
TX000347,C0047,6203.73,2026-01-04 22:19:53,B0238,0,D0106,0,0,0,legitimate,none,0
TX000417,C0061,2760.43,2026-01-04 22:34:46,B0315,0,D0135,0,0,0,legitimate,none,0
TX000041,C0005,22120.59,2026-01-04 22:47:56,B0019,0,D0011,0,0,0,legitimate,none,0
TX000539,C0074,117732.95,2026-01-04 22:55:02,B0376,0,NEW_D000540,1,0,0,legitimate,none,0
TX000360,C0050,893.01,2026-01-05 00:02:43,B0260,0,D0112,0,0,0,legitimate,none,0
TX000369,C0051,84596.66,2026-01-05 01:13:47,B0264,0,D0115,0,0,0,legitimate,none,0
TX000500,C0067,3735.81,2026-01-05 02:02:21,B0341,0,D0150,0,0,0,legitimate,none,0
TX000818,C0034,23858.01,2026-01-05 02:27:46,FRAUD_B000819,1,FRAUD_D000819,1,1,1,new_beneficiary,easy,1
TX000811,C0058,28323.5,2026-01-05 03:19:15,FRAUD_B000812,1,FRAUD_D000812,1,1,1,new_beneficiary,easy,1
TX000405,C0059,3852.84,2026-01-05 03:52:50,B0303,0,NEW_D000406,1,0,0,legitimate,none,0
TX000578,C0076,50339.89,2026-01-05 03:57:00,B0386,0,D0170,0,0,0,legitimate,none,0
TX000013,C0001,1554.63,2026-01-05 04:07:49,B0002,0,D0001,0,0,0,legitimate,none,0
TX000187,C0022,3795.35,2026-01-05 04:31:01,B0100,0,D0050,0,0,0,legitimate,none,0
TX000245,C0030,2798.66,2026-01-05 05:09:34,B0145,0,D0067,0,0,0,legitimate,none,0
TX000790,C0071,4235.4,2026-01-05 05:29:29,B0370,0,FRAUD_D000791,1,0,0,anomalous_hour,moderate,1
TX000411,C0060,26251.69,2026-01-05 05:30:23,B0311,0,D0134,0,0,0,legitimate,none,0
TX000695,C0088,19749.38,2026-01-05 05:55:31,B0450,0,D0195,0,0,0,legitimate,none,0
TX000251,C0031,342.99,2026-01-05 06:15:02,B0150,0,D0069,0,0,0,legitimate,none,0
TX000750,C0096,473.3,2026-01-05 06:25:12,B0485,0,NEW_D000751,1,0,0,legitimate,none,0
TX000800,C0090,42907.1,2026-01-05 06:28:44,B0464,0,D0197,0,0,0,abnormal_amount,hard,1
TX000581,C0076,45036.68,2026-01-05 06:29:29,B0389,0,D0170,0,0,0,legitimate,none,0
TX000131,C0017,2668.08,2026-01-05 06:31:56,B0078,0,D0036,0,0,0,legitimate,none,0
TX000240,C0030,5491.95,2026-01-05 06:54:54,B0143,0,D0067,0,0,0,legitimate,none,0
TX000114,C0015,22585.79,2026-01-05 07:48:41,B0064,0,D0031,0,0,0,legitimate,none,0
TX000208,C0024,65395.64,2026-01-05 08:06:49,B0109,0,D0054,0,0,0,legitimate,none,0
TX000178,C0020,1022.5,2026-01-05 08:12:51,B0090,0,D0044,0,0,0,legitimate,none,0
TX000269,C0035,8971.94,2026-01-05 08:17:24,B0168,0,D0080,0,0,0,legitimate,none,0
TX000371,C0051,82792.64,2026-01-05 08:18:42,B0262,0,D0115,0,0,0,legitimate,none,0
TX000622,C0082,3908.81,2026-01-05 08:20:31,B0419,0,D0186,0,0,0,legitimate,none,0
TX000663,C0084,63191.11,2026-01-05 08:23:10,NEW_B000664,1,D0188,0,0,0,legitimate,none,0
TX000230,C0030,5265.18,2026-01-05 08:46:29,B0146,0,D0067,0,0,0,legitimate,none,0
TX000753,C0096,579.13,2026-01-05 08:49:38,B0485,0,D0206,0,0,0,legitimate,none,0
TX000776,C0100,4044.35,2026-01-05 08:50:17,NEW_B000777,1,D0216,0,0,0,legitimate,none,0
TX000339,C0044,1465.46,2026-01-05 08:50:38,NEW_B000340,1,D0100,0,0,0,legitimate,none,0
TX000391,C0056,1430.78,2026-01-05 09:05:30,B0287,0,D0128,0,0,0,legitimate,none,0
TX000562,C0075,21844.95,2026-01-05 09:07:31,B0385,0,D0167,0,0,0,legitimate,none,0
TX000362,C0050,1733.95,2026-01-05 09:10:49,B0254,0,D0112,0,0,0,legitimate,none,0
TX000512,C0068,3863.59,2026-01-05 09:13:34,B0349,0,D0153,0,0,0,legitimate,none,0
TX000689,C0088,20342.19,2026-01-05 09:27:34,B0456,0,D0195,0,0,0,legitimate,none,0
TX000335,C0044,1685.38,2026-01-05 09:27:42,B0218,0,D0100,0,0,0,legitimate,none,0
TX000720,C0092,3282.9,2026-01-05 09:38:54,B0470,0,D0199,0,0,0,legitimate,none,0
TX000621,C0082,2612.37,2026-01-05 09:48:20,B0417,0,D0186,0,0,0,legitimate,none,0
TX000328,C0044,1613.61,2026-01-05 09:57:16,B0218,0,NEW_D000329,1,0,0,legitimate,none,0
TX000324,C0043,4480.52,2026-01-05 10:13:44,B0207,0,D0099,0,0,0,legitimate,none,0
TX000325,C0043,1921.88,2026-01-05 10:26:53,B0207,0,D0097,0,0,0,legitimate,none,0
TX000161,C0019,4824.52,2026-01-05 10:30:09,B0086,0,D0043,0,0,0,legitimate,none,0
TX000477,C0066,3151.72,2026-01-05 10:37:34,B0337,0,D0149,0,0,0,legitimate,none,0
TX000386,C0054,16311.23,2026-01-05 10:40:32,B0274,0,D0123,0,0,0,legitimate,none,0
TX000808,C0002,3636.17,2026-01-05 10:40:44,FRAUD_B000809,1,FRAUD_D000809,1,1,1,new_device,easy,1
TX000156,C0019,5357.01,2026-01-05 10:54:32,B0085,0,D0042,0,0,0,legitimate,none,0
TX000528,C0074,91737.01,2026-01-05 11:30:08,B0379,0,D0166,0,0,0,legitimate,none,0
TX000336,C0044,1246.4,2026-01-05 11:32:54,B0218,0,D0100,0,0,0,legitimate,none,0
TX000454,C0064,27558.9,2026-01-05 11:34:38,B0328,0,D0145,0,0,0,legitimate,none,0
TX000174,C0020,784.89,2026-01-05 11:40:43,B0089,0,D0045,0,0,0,legitimate,none,0
TX000618,C0082,4170.06,2026-01-05 11:54:32,B0418,0,D0185,0,0,0,legitimate,none,0
TX000585,C0076,43115.54,2026-01-05 12:08:21,B0386,0,D0170,0,0,0,legitimate,none,0
TX000447,C0064,26571.79,2026-01-05 12:33:43,B0325,0,D0144,0,0,0,legitimate,none,0
TX000504,C0067,7462.49,2026-01-05 12:36:43,B0342,0,D0150,0,0,0,legitimate,none,0
TX000551,C0075,13812.48,2026-01-05 12:39:41,B0384,0,D0167,0,0,0,legitimate,none,0
TX000583,C0076,48646.23,2026-01-05 12:50:43,B0388,0,D0170,0,0,0,legitimate,none,0
TX000274,C0036,3394.72,2026-01-05 12:53:51,B0178,0,D0081,0,0,0,legitimate,none,0
TX000488,C0066,1815.14,2026-01-05 12:56:29,B0338,0,D0148,0,0,0,legitimate,none,0
TX000301,C0040,3600.36,2026-01-05 12:56:53,B0195,0,D0091,0,0,0,legitimate,none,0
TX000758,C0098,3705.05,2026-01-05 13:08:51,B0491,0,D0211,0,0,0,legitimate,none,0
TX000841,C0056,1631.92,2026-01-05 13:21:23,B0288,0,D0127,0,1,1,anomalous_context,moderate,1
TX000061,C0008,12139.06,2026-01-05 13:41:04,B0036,0,D0018,0,0,0,legitimate,none,0
TX000412,C0060,14334.39,2026-01-05 13:48:36,B0310,0,D0134,0,0,0,legitimate,none,0
TX000493,C0067,6532.43,2026-01-05 13:56:35,B0341,0,D0150,0,0,0,legitimate,none,0
TX000662,C0084,53348.33,2026-01-05 13:58:05,NEW_B000663,1,D0188,0,0,0,legitimate,none,0
TX000560,C0075,11762.48,2026-01-05 13:59:04,B0383,0,D0167,0,0,0,legitimate,none,0
TX000536,C0074,91718.39,2026-01-05 14:03:40,B0377,0,D0166,0,0,0,legitimate,none,0
TX000147,C0018,39756.51,2026-01-05 14:39:30,B0082,0,D0039,0,0,0,legitimate,none,0
TX000499,C0067,4707.2,2026-01-05 15:12:00,B0343,0,D0150,0,0,0,legitimate,none,0
TX000308,C0040,3941.7,2026-01-05 15:43:06,B0196,0,NEW_D000309,1,0,0,legitimate,none,0
TX000165,C0020,917.8,2026-01-05 15:46:01,B0088,0,D0046,0,0,0,legitimate,none,0
TX000217,C0025,4816.74,2026-01-05 15:58:39,B0111,0,D0056,0,0,0,legitimate,none,0
TX000173,C0020,695.55,2026-01-05 16:15:19,B0090,0,D0045,0,0,0,legitimate,none,0
TX000146,C0018,78041.23,2026-01-05 16:42:30,B0083,0,NEW_D000147,1,0,0,legitimate,none,0
TX000226,C0029,129790.78,2026-01-05 16:45:18,B0138,0,NEW_D000227,1,0,0,legitimate,none,0
TX000199,C0024,57651.47,2026-01-05 16:55:24,B0109,0,D0054,0,0,0,legitimate,none,0
TX000532,C0074,45355.87,2026-01-05 17:02:02,B0381,0,D0166,0,0,0,legitimate,none,0
TX000084,C0011,13704.31,2026-01-05 17:04:25,B0048,0,D0024,0,0,0,legitimate,none,0
TX000094,C0013,15050.95,2026-01-05 17:23:58,B0057,0,D0028,0,0,0,legitimate,none,0
TX000255,C0033,10140.53,2026-01-05 17:37:31,NEW_B000256,1,D0075,0,0,0,legitimate,none,0
TX000651,C0084,99217.3,2026-01-05 17:44:07,B0428,0,D0188,0,0,0,legitimate,none,0
TX000443,C0063,1690.36,2026-01-05 17:51:57,B0320,0,D0141,0,0,0,legitimate,none,0
TX000558,C0075,11715.73,2026-01-05 18:04:50,B0384,0,D0168,0,0,1,legitimate,none,0
TX000352,C0049,4674.58,2026-01-05 18:15:32,B0253,0,D0111,0,0,0,legitimate,none,0
TX000574,C0076,38197.5,2026-01-05 18:23:08,B0387,0,D0170,0,0,0,legitimate,none,0
TX000755,C0097,30645.73,2026-01-05 18:25:06,B0490,0,D0208,0,0,0,legitimate,none,0
TX000043,C0005,17480.5,2026-01-05 18:29:59,B0019,0,NEW_D000044,1,0,0,legitimate,none,0
TX000072,C0010,14515.54,2026-01-05 18:38:33,B0047,0,D0022,0,0,0,legitimate,none,0
TX000382,C0053,3283.86,2026-01-05 18:41:24,B0271,0,D0119,0,0,0,legitimate,none,0
TX000158,C0019,7787.39,2026-01-05 18:42:06,B0085,0,D0041,0,1,0,legitimate,none,0
TX000194,C0023,2545.42,2026-01-05 18:43:57,B0104,0,D0053,0,0,0,legitimate,none,0
TX000085,C0011,12291.44,2026-01-05 18:45:40,B0048,0,D0024,0,0,0,legitimate,none,0
TX000270,C0035,10741.92,2026-01-05 18:50:45,B0170,0,D0079,0,0,0,legitimate,none,0
TX000252,C0031,703.56,2026-01-05 19:14:20,B0152,0,D0069,0,0,0,legitimate,none,0
TX000244,C0030,5509.43,2026-01-05 19:44:25,B0145,0,D0067,0,0,0,legitimate,none,0
TX000126,C0016,2464.06,2026-01-05 19:52:36,B0071,0,D0033,0,0,0,legitimate,none,0
TX000181,C0020,845.67,2026-01-05 20:06:51,NEW_B000182,1,D0045,0,0,0,legitimate,none,0
TX000333,C0044,1333.58,2026-01-05 20:11:39,B0216,0,D0100,0,0,0,legitimate,none,0
TX000629,C0082,3481.7,2026-01-05 20:12:18,B0420,0,D0186,0,0,0,legitimate,none,0
TX000003,C0001,1731.05,2026-01-05 20:39:52,B0002,0,D0002,0,0,0,legitimate,none,0
TX000684,C0086,1732.99,2026-01-05 20:43:14,B0439,0,D0192,0,0,0,legitimate,none,0
TX000711,C0092,3551.4,2026-01-05 20:44:22,B0471,0,D0199,0,0,0,legitimate,none,0
TX000806,C0086,1642.03,2026-01-05 20:46:14,FRAUD_B000807,1,D0192,0,1,1,transfer_burst,moderate,1
TX000125,C0016,1748.73,2026-01-05 20:51:35,B0067,0,D0033,0,0,0,legitimate,none,0
TX000344,C0046,19002.13,2026-01-05 21:00:33,B0230,0,D0103,0,0,0,legitimate,none,0
TX000287,C0040,4573.96,2026-01-05 21:09:03,B0196,0,D0091,0,0,1,legitimate,none,0
TX000122,C0016,1081.28,2026-01-05 21:12:07,B0067,0,D0034,0,0,0,legitimate,none,0
TX000642,C0083,3708.92,2026-01-05 21:13:42,NEW_B000643,1,D0187,0,0,0,legitimate,none,0
TX000640,C0083,1511.23,2026-01-05 21:27:13,B0421,0,D0187,0,0,0,legitimate,none,0
TX000338,C0044,1178.21,2026-01-05 21:28:20,B0218,0,D0100,0,0,0,legitimate,none,0
TX000772,C0098,2918.05,2026-01-05 21:30:17,B0491,0,D0210,0,0,0,legitimate,none,0
TX000163,C0020,959.5,2026-01-05 22:12:36,B0088,0,D0046,0,0,0,legitimate,none,0
TX000070,C0010,8010.24,2026-01-05 22:19:29,B0045,0,D0022,0,0,0,legitimate,none,0
TX000771,C0098,4255.75,2026-01-05 22:24:48,B0492,0,D0211,0,0,0,legitimate,none,0
TX000848,C0011,13941.23,2026-01-05 22:32:02,B0052,0,D0023,0,0,0,account_takeover,hard,1
TX000110,C0014,22443.76,2026-01-05 22:35:01,B0061,0,D0030,0,0,0,legitimate,none,0
TX000390,C0056,1619.71,2026-01-05 22:43:26,B0287,0,D0128,0,0,0,legitimate,none,0
TX000747,C0096,864.74,2026-01-05 22:46:50,B0485,0,NEW_D000748,1,0,0,legitimate,none,0
TX000046,C0005,14198.12,2026-01-05 23:46:09,B0019,0,D0011,0,0,0,legitimate,none,0
TX000253,C0032,6126.38,2026-01-06 00:14:51,B0154,0,NEW_D000254,1,0,0,legitimate,none,0
TX000219,C0025,5357.5,2026-01-06 00:35:10,B0111,0,D0057,0,0,0,legitimate,none,0
TX000509,C0068,3979.81,2026-01-06 00:46:02,B0345,0,D0152,0,0,0,legitimate,none,0
TX000832,C0055,363.82,2026-01-06 00:48:56,B0285,0,D0124,0,0,1,anomalous_hour,moderate,1
TX000813,C0016,1086.01,2026-01-06 01:15:59,FRAUD_B000814,1,FRAUD_D000814,1,1,1,anomalous_context,easy,1
TX000123,C0016,2112.7,2026-01-06 01:42:22,B0070,0,D0032,0,0,0,legitimate,none,0
TX000155,C0019,7417.66,2026-01-06 01:56:02,B0084,0,D0042,0,0,0,legitimate,none,0
TX000063,C0009,1130.4,2026-01-06 02:37:47,B0042,0,D0020,0,0,0,legitimate,none,0
TX000279,C0038,13982.1,2026-01-06 02:54:49,NEW_B000280,1,D0087,0,0,0,legitimate,none,0
TX000609,C0079,4208.19,2026-01-06 03:12:49,B0400,0,D0176,0,0,0,legitimate,none,0
TX000521,C0071,1317.22,2026-01-06 03:53:31,B0370,0,D0160,0,0,0,legitimate,none,0
TX000167,C0020,887.62,2026-01-06 04:26:23,NEW_B000168,1,D0045,0,0,0,legitimate,none,0
TX000088,C0012,1848.26,2026-01-06 04:52:09,B0053,0,D0025,0,0,0,legitimate,none,0
TX000752,C0096,486.81,2026-01-06 05:16:15,B0486,0,NEW_D000753,1,0,0,legitimate,none,0
TX000066,C0010,13973.83,2026-01-06 06:03:50,B0045,0,D0022,0,0,0,legitimate,none,0
TX000676,C0085,26124.01,2026-01-06 06:33:49,B0435,0,D0189,0,0,0,legitimate,none,0
TX000247,C0030,3750.36,2026-01-06 06:45:08,B0142,0,D0068,0,0,0,legitimate,none,0
TX000833,C0035,10728.84,2026-01-06 06:59:47,FRAUD_B000834,1,FRAUD_D000834,1,0,0,new_beneficiary,moderate,1
TX000673,C0085,30572.15,2026-01-06 07:12:09,B0433,0,D0190,0,0,0,legitimate,none,0
TX000166,C0020,800.19,2026-01-06 07:59:57,B0089,0,D0045,0,0,0,legitimate,none,0
TX000029,C0002,3888.42,2026-01-06 08:10:15,B0003,0,D0004,0,0,0,legitimate,none,0
TX000313,C0043,3434.26,2026-01-06 08:14:22,B0209,0,D0098,0,0,0,legitimate,none,0
TX000212,C0025,8406.74,2026-01-06 08:19:02,B0110,0,D0057,0,0,0,legitimate,none,0
TX000366,C0050,1044.81,2026-01-06 08:22:59,B0258,0,D0113,0,0,0,legitimate,none,0
TX000129,C0016,1531.39,2026-01-06 08:32:41,B0068,0,D0034,0,0,0,legitimate,none,0
TX000190,C0023,2217.29,2026-01-06 08:41:54,B0101,0,D0053,0,0,0,legitimate,none,0
TX000376,C0051,63268.21,2026-01-06 08:46:04,B0264,0,D0115,0,0,0,legitimate,none,0
TX000164,C0020,536.72,2026-01-06 08:57:32,B0088,0,D0046,0,0,0,legitimate,none,0
TX000635,C0082,2384.68,2026-01-06 08:58:44,B0419,0,D0185,0,1,0,legitimate,none,0
TX000372,C0051,94467.2,2026-01-06 09:18:39,B0262,0,D0115,0,0,0,legitimate,none,0
TX000277,C0037,35358.98,2026-01-06 09:21:19,B0181,0,D0084,0,0,0,legitimate,none,0
TX000742,C0095,2691.46,2026-01-06 09:22:52,B0483,0,D0205,0,0,0,legitimate,none,0
TX000607,C0078,15049.06,2026-01-06 09:23:32,B0395,0,D0173,0,0,0,legitimate,none,0
TX000831,C0037,39359.74,2026-01-06 09:25:19,B0185,0,D0084,0,0,0,transfer_burst,hard,1
TX000792,C0037,24239.42,2026-01-06 09:26:19,FRAUD_B000793,1,FRAUD_D000793,1,0,1,transfer_burst,moderate,1
TX000069,C0010,11010.14,2026-01-06 09:47:04,B0046,0,D0022,0,0,0,legitimate,none,0
TX000022,C0002,4421.83,2026-01-06 09:47:34,NEW_B000023,1,D0003,0,0,0,legitimate,none,0
TX000056,C0006,16520.23,2026-01-06 09:57:40,B0025,0,D0013,0,0,0,legitimate,none,0
TX000705,C0090,5012.62,2026-01-06 10:07:54,B0467,0,D0197,0,0,0,legitimate,none,0
TX000734,C0094,2237.91,2026-01-06 10:19:36,B0476,0,D0204,0,0,0,legitimate,none,0
TX000075,C0010,2126.33,2026-01-06 10:35:03,B0047,0,D0022,0,0,0,legitimate,none,0
TX000168,C0020,1117.19,2026-01-06 10:41:55,B0088,0,NEW_D000169,1,0,0,legitimate,none,0
TX000191,C0023,3519.92,2026-01-06 11:05:31,B0106,0,D0053,0,0,0,legitimate,none,0
TX000078,C0010,9041.58,2026-01-06 11:17:44,B0046,0,D0022,0,0,0,legitimate,none,0
TX000495,C0067,9301.45,2026-01-06 11:29:47,B0340,0,D0151,0,0,0,legitimate,none,0
TX000446,C0064,28748.38,2026-01-06 11:56:01,B0328,0,D0143,0,0,0,legitimate,none,0
TX000548,C0074,84923.91,2026-01-06 11:57:07,B0378,0,D0166,0,0,0,legitimate,none,0
TX000538,C0074,79999.59,2026-01-06 11:58:37,B0381,0,D0166,0,0,0,legitimate,none,0
TX000745,C0096,946.03,2026-01-06 12:00:12,NEW_B000746,1,D0206,0,0,0,legitimate,none,0
TX000580,C0076,54913.54,2026-01-06 12:08:22,B0386,0,D0170,0,0,0,legitimate,none,0
TX000573,C0076,44894.78,2026-01-06 12:24:57,B0389,0,D0170,0,0,0,legitimate,none,0
TX000641,C0083,2222.49,2026-01-06 12:26:25,B0424,0,D0187,0,0,0,legitimate,none,0
TX000031,C0002,3886.91,2026-01-06 12:27:07,B0008,0,D0004,0,0,0,legitimate,none,0
TX000073,C0010,9825.8,2026-01-06 12:27:28,B0046,0,D0022,0,0,0,legitimate,none,0
TX000476,C0066,2486.22,2026-01-06 13:26:15,B0339,0,NEW_D000477,1,0,0,legitimate,none,0
TX000180,C0020,1293.06,2026-01-06 13:35:20,B0089,0,D0046,0,0,0,legitimate,none,0
TX000319,C0043,3020.33,2026-01-06 13:44:56,B0208,0,D0099,0,0,0,legitimate,none,0
TX000778,C0100,7078.46,2026-01-06 14:00:49,B0501,0,D0216,0,0,0,legitimate,none,0
TX000575,C0076,51057.91,2026-01-06 14:08:07,B0389,0,D0170,0,0,0,legitimate,none,0
TX000432,C0063,1728.03,2026-01-06 14:18:41,B0321,0,D0140,0,0,0,legitimate,none,0
TX000533,C0074,88639.75,2026-01-06 14:29:33,B0380,0,D0166,0,0,0,legitimate,none,0
TX000797,C0081,19758.03,2026-01-06 14:31:29,B0416,0,D0184,0,0,0,new_device,hard,1
TX000626,C0082,2899.26,2026-01-06 14:48:50,B0420,0,D0186,0,0,0,legitimate,none,0
TX000374,C0051,105840.56,2026-01-06 14:53:23,B0264,0,D0115,0,0,0,legitimate,none,0
TX000257,C0033,25716.58,2026-01-06 15:06:13,B0157,0,D0073,0,0,0,legitimate,none,0
TX000788,C0011,18462.74,2026-01-06 15:10:38,B0051,0,D0023,0,0,0,anomalous_context,hard,1
TX000053,C0006,10290.38,2026-01-06 15:12:24,B0022,0,D0015,0,0,0,legitimate,none,0
TX000633,C0082,3262.12,2026-01-06 15:20:03,B0417,0,D0186,0,0,0,legitimate,none,0
TX000420,C0062,776.07,2026-01-06 15:22:20,B0318,0,D0138,0,0,0,legitimate,none,0
TX000566,C0075,11814.61,2026-01-06 15:26:44,B0384,0,D0167,0,0,0,legitimate,none,0
TX000357,C0049,3222.37,2026-01-06 15:31:50,B0249,0,D0111,0,0,0,legitimate,none,0
TX000534,C0074,57577.92,2026-01-06 15:39:03,NEW_B000535,1,D0166,0,0,0,legitimate,none,0
TX000644,C0083,1356.97,2026-01-06 15:54:27,B0421,0,D0187,0,0,0,legitimate,none,0
TX000095,C0013,14728.23,2026-01-06 16:06:35,B0057,0,D0028,0,0,0,legitimate,none,0
TX000563,C0075,16981.08,2026-01-06 16:07:43,B0383,0,D0167,0,0,0,legitimate,none,0
TX000544,C0074,129541.87,2026-01-06 16:17:17,B0378,0,D0166,0,0,0,legitimate,none,0
TX000299,C0040,5960.78,2026-01-06 16:17:46,B0195,0,D0090,0,0,0,legitimate,none,0
TX000503,C0067,3705.61,2026-01-06 16:29:50,B0340,0,D0151,0,0,0,legitimate,none,0
TX000209,C0024,65417.09,2026-01-06 16:50:27,B0108,0,D0054,0,0,0,legitimate,none,0
TX000047,C0005,15606.29,2026-01-06 16:54:43,B0020,0,NEW_D000048,1,0,0,legitimate,none,0
TX000248,C0030,3516.31,2026-01-06 17:08:47,B0143,0,D0067,0,0,1,legitimate,none,0
TX000278,C0038,11229.26,2026-01-06 17:14:42,B0187,0,D0087,0,0,0,legitimate,none,0
TX000782,C0100,4583.13,2026-01-06 17:21:14,B0502,0,D0216,0,0,1,legitimate,none,0
TX000124,C0016,861.6,2026-01-06 17:32:14,B0069,0,D0032,0,0,1,legitimate,none,0
TX000453,C0064,16859.8,2026-01-06 17:43:29,B0329,0,D0143,0,0,0,legitimate,none,0
TX000354,C0049,3084.89,2026-01-06 17:48:37,B0251,0,D0111,0,0,0,legitimate,none,0
TX000441,C0063,4963.89,2026-01-06 17:49:05,B0321,0,D0142,0,0,0,legitimate,none,0
TX000373,C0051,117968.42,2026-01-06 17:51:20,NEW_B000374,1,D0115,0,0,0,legitimate,none,0
TX000866,C0049,3037.6,2026-01-06 17:52:37,FRAUD_B000867,1,D0111,0,0,0,transfer_burst,hard,1
TX000439,C0063,2176.49,2026-01-06 17:56:03,B0320,0,NEW_D000440,1,0,0,legitimate,none,0
TX000680,C0085,47073.9,2026-01-06 18:05:25,B0433,0,NEW_D000681,1,0,0,legitimate,none,0
TX000144,C0018,66715.93,2026-01-06 18:09:52,B0082,0,D0040,0,0,1,legitimate,none,0
TX000452,C0064,30798.53,2026-01-06 18:12:12,B0326,0,D0143,0,0,0,legitimate,none,0
TX000054,C0006,15282.15,2026-01-06 18:17:00,B0021,0,D0015,0,0,0,legitimate,none,0
TX000065,C0009,2104.39,2026-01-06 18:17:12,NEW_B000066,1,D0020,0,0,0,legitimate,none,0
TX000218,C0025,5825.06,2026-01-06 18:26:38,B0113,0,D0057,0,0,0,legitimate,none,0
TX000472,C0065,2077.18,2026-01-06 18:32:45,B0333,0,D0146,0,0,0,legitimate,none,0
TX000553,C0075,18179.23,2026-01-06 18:36:00,B0384,0,D0168,0,0,0,legitimate,none,0
TX000400,C0058,32339.01,2026-01-06 18:39:41,B0294,0,D0130,0,0,0,legitimate,none,0
TX000234,C0030,3518.58,2026-01-06 18:40:19,B0142,0,D0067,0,0,1,legitimate,none,0
TX000149,C0018,73112.75,2026-01-06 18:52:22,NEW_B000150,1,D0039,0,0,0,legitimate,none,0
TX000109,C0014,24730.19,2026-01-06 19:00:39,B0061,0,D0029,0,0,0,legitimate,none,0
TX000225,C0028,2473.12,2026-01-06 19:10:39,B0131,0,D0062,0,0,0,legitimate,none,0
TX000239,C0030,3505.21,2026-01-06 19:20:50,B0143,0,D0067,0,0,0,legitimate,none,0
TX000694,C0088,19864.23,2026-01-06 19:26:54,B0454,0,D0195,0,0,0,legitimate,none,0
TX000428,C0063,5367.13,2026-01-06 19:33:40,B0321,0,D0141,0,0,0,legitimate,none,0
TX000238,C0030,4618.15,2026-01-06 19:39:43,B0142,0,D0067,0,0,0,legitimate,none,0
TX000206,C0024,40720.29,2026-01-06 19:43:31,B0109,0,D0054,0,0,0,legitimate,none,0
TX000525,C0073,7942.4,2026-01-06 19:45:58,B0374,0,D0165,0,0,0,legitimate,none,0
TX000601,C0078,24049.4,2026-01-06 19:51:28,B0398,0,D0174,0,0,0,legitimate,none,0
TX000698,C0088,10473.26,2026-01-06 19:53:43,B0455,0,D0195,0,0,0,legitimate,none,0
TX000552,C0075,12834.01,2026-01-06 20:01:57,B0385,0,D0167,0,0,0,legitimate,none,0
TX000132,C0017,5091.54,2026-01-06 20:04:44,B0081,0,D0036,0,0,0,legitimate,none,0
TX000413,C0060,11676.92,2026-01-06 20:07:44,B0309,0,D0134,0,0,0,legitimate,none,0
TX000433,C0063,4091.3,2026-01-06 20:17:44,B0320,0,D0140,0,0,0,legitimate,none,0
TX000456,C0064,18244.82,2026-01-06 20:28:25,B0323,0,NEW_D000457,1,0,0,legitimate,none,0
TX000196,C0024,63211.86,2026-01-06 20:31:14,B0109,0,D0055,0,0,0,legitimate,none,0
TX000678,C0085,51988.06,2026-01-06 20:40:17,B0432,0,D0189,0,0,0,legitimate,none,0
TX000718,C0092,3490.56,2026-01-06 20:44:59,NEW_B000719,1,D0199,0,0,0,legitimate,none,0
TX000802,C0096,777.28,2026-01-06 21:04:14,FRAUD_B000803,1,FRAUD_D000803,1,1,1,account_takeover,easy,1
TX000605,C0078,22029.45,2026-01-06 21:07:41,B0397,0,D0174,0,0,0,legitimate,none,0
TX000699,C0088,21413.89,2026-01-06 21:08:11,B0457,0,D0195,0,0,0,legitimate,none,0
TX000221,C0025,10624.8,2026-01-06 21:10:05,B0111,0,D0057,0,0,0,legitimate,none,0
TX000780,C0100,9069.98,2026-01-06 21:14:33,B0503,0,D0216,0,0,0,legitimate,none,0
TX000001,C0001,1665.4,2026-01-06 21:25:15,B0001,0,D0001,0,0,0,legitimate,none,0
TX000020,C0001,835.31,2026-01-06 21:28:50,B0002,0,D0001,0,0,0,legitimate,none,0
TX000089,C0012,1414.97,2026-01-06 21:29:48,B0055,0,D0025,0,0,0,legitimate,none,0
TX000693,C0088,11328.58,2026-01-06 21:30:01,B0453,0,D0195,0,0,1,legitimate,none,0
TX000632,C0082,4995.81,2026-01-06 21:30:35,B0417,0,D0186,0,0,0,legitimate,none,0
TX000570,C0075,12043.06,2026-01-06 21:31:11,B0383,0,D0168,0,0,0,legitimate,none,0
TX000741,C0094,2048.13,2026-01-06 21:48:25,B0478,0,D0204,0,0,0,legitimate,none,0
TX000858,C0013,20368.14,2026-01-06 22:02:38,FRAUD_B000859,1,D0028,0,0,0,new_beneficiary,hard,1
TX000465,C0065,6486.85,2026-01-06 22:15:15,B0334,0,D0146,0,0,0,legitimate,none,0
TX000023,C0002,4839.18,2026-01-06 22:38:18,NEW_B000024,1,D0004,0,0,0,legitimate,none,0
TX000484,C0066,2850.97,2026-01-06 22:41:56,B0336,0,D0149,0,0,0,legitimate,none,0
TX000295,C0040,5305.43,2026-01-06 22:50:26,B0195,0,D0090,0,0,0,legitimate,none,0
TX000118,C0016,965.61,2026-01-06 23:04:42,B0071,0,D0034,0,0,0,legitimate,none,0
TX000294,C0040,6013.6,2026-01-06 23:05:24,B0196,0,D0091,0,0,1,legitimate,none,0
TX000816,C0061,918.91,2026-01-06 23:14:38,B0312,0,D0135,0,0,0,new_beneficiary,hard,1
TX000853,C0080,15490.15,2026-01-06 23:46:24,B0408,0,D0179,0,0,0,anomalous_context,hard,1
TX000542,C0074,59783.82,2026-01-07 00:24:43,B0379,0,D0166,0,1,0,legitimate,none,0
TX000649,C0084,59396.84,2026-01-07 01:31:56,B0429,0,D0188,0,0,0,legitimate,none,0
TX000660,C0084,61054.34,2026-01-07 02:30:55,B0427,0,D0188,0,0,0,legitimate,none,0
TX000656,C0084,64951.95,2026-01-07 02:47:26,NEW_B000657,1,D0188,0,0,0,legitimate,none,0
TX000475,C0065,10025.91,2026-01-07 03:17:14,B0334,0,D0146,0,0,0,legitimate,none,0
TX000002,C0001,1389.3,2026-01-07 03:29:03,B0001,0,D0002,0,0,0,legitimate,none,0
TX000596,C0078,16599.93,2026-01-07 03:42:09,B0398,0,D0173,0,0,0,legitimate,none,0
TX000843,C0043,3725.05,2026-01-07 04:01:38,B0207,0,D0098,0,0,0,anomalous_context,hard,1
TX000590,C0077,2175.15,2026-01-07 04:21:26,B0393,0,D0172,0,0,0,legitimate,none,0
TX000682,C0085,22533.47,2026-01-07 04:38:08,B0432,0,D0191,0,0,0,legitimate,none,0
TX000139,C0018,78642.29,2026-01-07 04:39:07,B0082,0,D0039,0,0,0,legitimate,none,0
TX000135,C0018,45778.2,2026-01-07 05:20:59,B0083,0,D0038,0,0,0,legitimate,none,0
TX000727,C0094,4599.69,2026-01-07 06:07:42,NEW_B000728,1,D0202,0,0,0,legitimate,none,0
TX000068,C0010,12922.84,2026-01-07 06:08:00,B0045,0,D0022,0,0,0,legitimate,none,0
TX000628,C0082,3295.22,2026-01-07 06:11:24,B0419,0,D0185,0,0,0,legitimate,none,0
TX000527,C0073,5271.47,2026-01-07 06:15:27,B0375,0,D0165,0,0,0,legitimate,none,0
TX000804,C0073,9368.2,2026-01-07 06:16:27,FRAUD_B000805,1,FRAUD_D000805,1,1,1,transfer_burst,easy,1
TX000419,C0062,1029.77,2026-01-07 06:26:07,B0319,0,NEW_D000420,1,0,0,legitimate,none,0
TX000025,C0002,3968.47,2026-01-07 06:36:18,B0006,0,D0003,0,0,0,legitimate,none,0
TX000801,C0046,85158.12,2026-01-07 06:59:15,B0229,0,FRAUD_D000802,1,1,1,abnormal_amount,moderate,1
TX000276,C0036,3853.5,2026-01-07 07:01:09,B0173,0,D0082,0,0,0,legitimate,none,0
TX000076,C0010,12381.63,2026-01-07 07:18:38,B0045,0,D0022,0,0,0,legitimate,none,0
TX000106,C0014,25739.13,2026-01-07 07:18:58,B0059,0,D0030,0,0,1,legitimate,none,0
TX000044,C0005,16472.98,2026-01-07 07:20:47,B0020,0,D0012,0,0,0,legitimate,none,0
TX000442,C0063,4407.38,2026-01-07 07:22:41,B0322,0,D0140,0,0,0,legitimate,none,0
TX000092,C0012,2171.22,2026-01-07 07:28:58,B0055,0,D0025,0,0,0,legitimate,none,0
TX000036,C0003,57498.32,2026-01-07 07:29:05,B0011,0,D0007,0,0,0,legitimate,none,0
TX000243,C0030,5036.08,2026-01-07 08:00:16,B0141,0,D0068,0,0,0,legitimate,none,0
TX000197,C0024,41637.66,2026-01-07 08:05:17,B0108,0,D0055,0,0,0,legitimate,none,0
TX000266,C0035,6467.19,2026-01-07 08:12:57,B0168,0,D0079,0,0,0,legitimate,none,0
TX000380,C0053,3032.94,2026-01-07 08:16:23,B0271,0,D0120,0,0,0,legitimate,none,0
TX000116,C0015,14162.96,2026-01-07 08:46:27,B0063,0,D0031,0,0,0,legitimate,none,0
TX000798,C0046,21989.12,2026-01-07 08:53:10,FRAUD_B000799,1,D0102,0,1,1,new_beneficiary,moderate,1
TX000307,C0040,6629.01,2026-01-07 09:00:32,NEW_B000308,1,NEW_D000308,1,0,0,legitimate,none,0
TX000261,C0033,13452.42,2026-01-07 09:09:06,B0158,0,D0073,0,0,0,legitimate,none,0
TX000363,C0050,1149.03,2026-01-07 09:13:34,B0260,0,D0112,0,0,0,legitimate,none,0
TX000664,C0084,53414.07,2026-01-07 09:14:45,B0431,0,D0188,0,0,0,legitimate,none,0
TX000331,C0044,1299.14,2026-01-07 09:25:25,NEW_B000332,1,D0100,0,0,0,legitimate,none,0
TX000393,C0056,1182.92,2026-01-07 09:27:08,B0287,0,D0126,0,0,0,legitimate,none,0
TX000799,C0056,1198.59,2026-01-07 09:30:08,FRAUD_B000800,1,FRAUD_D000800,1,1,1,transfer_burst,moderate,1
TX000822,C0006,12935.24,2026-01-07 09:38:34,FRAUD_B000823,1,FRAUD_D000823,1,1,1,account_takeover,easy,1
TX000687,C0088,15557.37,2026-01-07 09:47:42,B0452,0,D0195,0,0,0,legitimate,none,0
TX000461,C0064,38049.05,2026-01-07 09:55:49,B0323,0,D0145,0,0,0,legitimate,none,0
TX000529,C0074,97478.68,2026-01-07 10:00:04,B0377,0,D0166,0,0,0,legitimate,none,0
TX000515,C0070,891.27,2026-01-07 10:05:52,B0367,0,D0157,0,0,0,legitimate,none,0
TX000685,C0087,7449.42,2026-01-07 10:08:43,NEW_B000686,1,D0194,0,0,0,legitimate,none,0
TX000783,C0100,8518.37,2026-01-07 10:09:21,B0503,0,D0216,0,0,0,legitimate,none,0
TX000203,C0024,75072.35,2026-01-07 10:19:20,B0108,0,D0054,0,0,0,legitimate,none,0
TX000518,C0071,1864.91,2026-01-07 10:32:06,B0370,0,D0159,0,0,0,legitimate,none,0
TX000794,C0071,3498.38,2026-01-07 10:35:06,B0370,0,D0158,0,0,0,transfer_burst,hard,1
TX000237,C0030,1716.42,2026-01-07 10:41:43,B0145,0,D0067,0,0,0,legitimate,none,0
TX000709,C0092,1253.89,2026-01-07 10:57:36,B0471,0,D0199,0,0,0,legitimate,none,0
TX000312,C0043,3660.0,2026-01-07 11:18:06,B0209,0,D0099,0,0,0,legitimate,none,0
TX000486,C0066,1540.5,2026-01-07 11:27:18,B0336,0,D0148,0,0,0,legitimate,none,0
TX000317,C0043,3315.79,2026-01-07 11:31:50,B0207,0,D0098,0,0,0,legitimate,none,0
TX000638,C0083,2525.81,2026-01-07 11:39:19,B0424,0,D0187,0,0,0,legitimate,none,0
TX000100,C0013,15517.02,2026-01-07 11:46:28,B0057,0,D0026,0,0,0,legitimate,none,0
TX000856,C0094,3876.48,2026-01-07 11:51:43,B0476,0,D0204,0,1,1,anomalous_context,moderate,1
TX000223,C0027,30053.41,2026-01-07 12:27:06,B0127,0,D0060,0,0,0,legitimate,none,0
TX000617,C0082,3536.84,2026-01-07 12:37:57,B0419,0,D0185,0,0,0,legitimate,none,0
TX000162,C0019,8428.14,2026-01-07 12:48:15,B0084,0,D0043,0,0,0,legitimate,none,0
TX000554,C0075,14490.32,2026-01-07 13:00:24,NEW_B000555,1,D0168,0,0,0,legitimate,none,0
TX000246,C0030,3934.63,2026-01-07 13:05:59,B0144,0,D0067,0,0,0,legitimate,none,0
TX000715,C0092,3302.25,2026-01-07 13:22:19,B0470,0,D0199,0,0,0,legitimate,none,0
TX000311,C0042,1575.2,2026-01-07 13:43:34,B0203,0,D0096,0,0,0,legitimate,none,0
TX000591,C0078,20019.4,2026-01-07 14:14:30,B0397,0,D0173,0,0,0,legitimate,none,0
TX000857,C0091,151602.1,2026-01-07 14:20:09,B0469,0,D0198,0,0,0,abnormal_amount,hard,1
TX000657,C0084,64084.87,2026-01-07 14:32:04,B0429,0,D0188,0,0,1,legitimate,none,0
TX000416,C0061,1460.81,2026-01-07 14:51:15,B0315,0,D0135,0,0,1,legitimate,none,0
TX000821,C0044,1559.95,2026-01-07 15:01:48,FRAUD_B000822,1,FRAUD_D000822,1,1,1,account_takeover,easy,1
TX000610,C0079,13072.67,2026-01-07 15:17:43,B0404,0,D0178,0,0,0,legitimate,none,0
TX000587,C0076,35250.6,2026-01-07 15:28:39,B0386,0,D0170,0,0,0,legitimate,none,0
TX000320,C0043,2645.17,2026-01-07 15:29:46,B0209,0,D0099,0,0,0,legitimate,none,0
TX000604,C0078,27569.21,2026-01-07 15:31:35,B0396,0,D0173,0,0,0,legitimate,none,0
TX000040,C0004,2029.21,2026-01-07 15:32:45,B0016,0,NEW_D000041,1,0,0,legitimate,none,0
TX000736,C0094,5222.94,2026-01-07 15:41:10,B0477,0,D0203,0,0,0,legitimate,none,0
TX000556,C0075,11799.26,2026-01-07 15:41:12,B0383,0,NEW_D000557,1,0,0,legitimate,none,0
TX000675,C0085,19686.89,2026-01-07 17:05:13,B0433,0,D0191,0,0,0,legitimate,none,0
TX000077,C0010,10191.93,2026-01-07 17:07:48,B0045,0,D0022,0,0,0,legitimate,none,0
TX000620,C0082,3654.45,2026-01-07 17:44:37,B0417,0,D0186,0,0,0,legitimate,none,0
TX000189,C0023,3031.86,2026-01-07 18:05:23,NEW_B000190,1,D0053,0,0,0,legitimate,none,0
TX000018,C0001,1586.06,2026-01-07 18:21:01,B0002,0,D0001,0,0,0,legitimate,none,0
TX000667,C0084,58936.53,2026-01-07 18:43:13,B0430,0,D0188,0,0,0,legitimate,none,0
TX000681,C0085,41452.67,2026-01-07 18:49:25,B0437,0,D0190,0,0,0,legitimate,none,0
TX000568,C0075,9391.27,2026-01-07 19:00:35,B0383,0,NEW_D000569,1,0,0,legitimate,none,0
TX000781,C0100,8053.86,2026-01-07 19:13:28,B0503,0,D0216,0,0,0,legitimate,none,0
TX000175,C0020,771.12,2026-01-07 19:26:09,B0088,0,D0045,0,0,0,legitimate,none,0
TX000540,C0074,74781.55,2026-01-07 19:49:24,B0379,0,D0166,0,0,0,legitimate,none,0
TX000520,C0071,3233.59,2026-01-07 19:50:27,B0369,0,D0158,0,0,0,legitimate,none,0
TX000017,C0001,1009.01,2026-01-07 19:52:46,B0002,0,D0001,0,0,0,legitimate,none,0
TX000496,C0067,7416.41,2026-01-07 19:53:35,B0343,0,D0151,0,0,0,legitimate,none,0
TX000227,C0029,99717.45,2026-01-07 19:58:03,NEW_B000228,1,D0064,0,0,0,legitimate,none,0
TX000643,C0083,2278.98,2026-01-07 19:59:36,B0421,0,D0187,0,0,0,legitimate,none,0
TX000728,C0094,5051.38,2026-01-07 20:05:51,B0477,0,D0202,0,0,0,legitimate,none,0
TX000101,C0013,9604.23,2026-01-07 20:14:34,B0057,0,D0026,0,0,0,legitimate,none,0
TX000406,C0059,5286.55,2026-01-07 20:43:29,B0302,0,D0133,0,0,0,legitimate,none,0
TX000176,C0020,888.71,2026-01-07 20:58:03,B0089,0,D0044,0,0,0,legitimate,none,0
TX000222,C0026,975.21,2026-01-07 21:35:32,B0115,0,D0058,0,0,0,legitimate,none,0
TX000815,C0026,1860.88,2026-01-07 21:37:32,FRAUD_B000816,1,FRAUD_D000816,1,1,0,transfer_burst,moderate,1
TX000779,C0100,7475.5,2026-01-07 21:41:32,NEW_B000780,1,NEW_D000780,1,0,0,legitimate,none,0
TX000647,C0084,12185.06,2026-01-07 21:50:01,B0425,0,D0188,0,0,0,legitimate,none,0
TX000058,C0007,4187.31,2026-01-07 21:51:18,B0031,0,D0016,0,0,0,legitimate,none,0
TX000099,C0013,16717.33,2026-01-07 22:02:42,B0056,0,D0026,0,0,0,legitimate,none,0
TX000708,C0092,5098.24,2026-01-07 22:04:05,B0471,0,NEW_D000709,1,0,0,legitimate,none,0
TX000249,C0031,843.84,2026-01-07 22:04:16,B0151,0,D0070,0,0,0,legitimate,none,0
TX000463,C0065,5303.88,2026-01-07 22:05:14,B0334,0,D0147,0,0,0,legitimate,none,0
TX000210,C0024,122153.04,2026-01-07 22:09:22,NEW_B000211,1,D0055,0,0,0,legitimate,none,0
TX000326,C0043,1749.97,2026-01-07 22:12:22,B0209,0,D0099,0,0,0,legitimate,none,0
TX000569,C0075,5906.95,2026-01-07 22:14:29,B0385,0,D0167,0,0,0,legitimate,none,0
TX000291,C0040,4492.96,2026-01-07 22:26:34,B0196,0,D0090,0,0,0,legitimate,none,0
TX000859,C0048,74066.92,2026-01-07 22:36:30,B0242,0,D0108,0,1,0,abnormal_amount,moderate,1
TX000292,C0040,4083.41,2026-01-07 22:36:57,B0195,0,D0091,0,0,0,legitimate,none,0
TX000791,C0023,4262.82,2026-01-07 22:50:19,B0105,0,D0053,0,0,0,new_device,hard,1
TX000612,C0079,8872.56,2026-01-07 22:54:34,B0400,0,D0176,0,0,0,legitimate,none,0
TX000865,C0067,5505.7,2026-01-07 23:12:47,FRAUD_B000866,1,FRAUD_D000866,1,1,1,new_beneficiary,easy,1
TX000130,C0016,1262.35,2026-01-07 23:52:55,B0066,0,D0034,0,0,0,legitimate,none,0
